id,name,team,ip,runs,gs,so,bb,hr
681084,Tanner Andrews,Toronto Blue Jays,3.0,0,0,1,2,0
621389,Ty Blach,Chicago Cubs,3.0,0,0,2,0,0
682997,Tyler Callihan,Pittsburgh Pirates,3.0,0,0,1,3,0
682769,Eiberson Castellano,Colorado Rockies,3.0,0,0,2,0,0
676454,Brendan Cellucci,Toronto Blue Jays,8.666666666666666,0,0,11,3,0
664744,Jose Espada,Baltimore Orioles,1.0,0,0,0,0,0
804668,Rafael Flores Jr.,Pittsburgh Pirates,1.0,0,0,0,0,0
680686,Josiah Gray,Washington Nationals,4.0,0,0,2,1,0
664059,Sam Haggerty,Texas Rangers,1.0,0,0,0,0,0
643361,Kevin Herget,New York Mets,1.0,0,0,0,0,0
571771,Enrique Hernández,Los Angeles Dodgers,1.0,0,0,0,0,0
700327,Welinton Herrera,Colorado Rockies,2.3333333333333335,0,0,2,1,0
664731,P.J. Higgins,Cincinnati Reds,1.0,0,0,1,0,0
680880,Grant Holman,Philadelphia Phillies,0.3333333333333333,5,0,0,1,0
687859,Troy Johnston,Colorado Rockies,2.0,0,0,0,1,0
681520,Antoine Kelly,Chicago Cubs,1.3333333333333333,0,0,1,1,0
621139,Brooks Kriske,Athletics,2.6666666666666665,0,0,2,1,0
571912,Luke Maile,Kansas City Royals,1.0,0,0,0,0,0
624512,Reese McGuire,Chicago White Sox,1.0,0,0,0,0,0
676694,Jake Meyers,Houston Astros,1.0,0,0,0,0,0
668716,Noah Murdock,Pittsburgh Pirates,3.3333333333333335,0,0,4,3,0
692064,José Rodríguez,Toronto Blue Jays,4.666666666666667,0,0,5,0,0
668670,Jake Rogers,Detroit Tigers,2.3333333333333335,0,0,3,1,0
668942,Josh Rojas,Kansas City Royals,1.0,0,0,0,0,0
697811,Dylan Ross,New York Mets,1.0,0,0,0,0,0
605441,Yacksel Ríos,Chicago Cubs,1.6666666666666665,0,0,2,0,0
657376,Clarke Schmidt,New York Yankees,0.6666666666666666,0,0,2,0,0
680474,Max Schuemann,New York Yankees,1.0,0,0,0,1,0
670097,Zack Short,New York Mets,1.0,0,0,0,0,0
668831,Garrett Stallings,Milwaukee Brewers,14.0,0,0,17,5,0
596142,Gary Sánchez,Milwaukee Brewers,2.0,0,0,0,0,0
663494,Bryan Torres,St. Louis Cardinals,2.0,0,0,0,1,0
592826,Vince Velasquez,Chicago Cubs,3.3333333333333335,0,0,1,0,0
687721,Cameron Weston,Baltimore Orioles,1.0,0,0,1,1,0
670871,Guillo Zuñiga,New York Mets,1.0,0,0,1,1,0
666374,Matt Brash,Seattle Mariners,16.666666666666668,2,0,15,6,0
543238,Anthony Gose,Kansas City Royals,13.666666666666666,3,0,7,2,1
571882,Derek Law,Arizona Diamondbacks,9.0,1,1,5,2,0
623352,Josh Hader,Houston Astros,44.666666666666664,6,0,55,15,1
663158,Robert Suarez,Atlanta Braves,34.0,4,0,26,6,1
681544,Wyatt Olds,Boston Red Sox,15.666666666666666,5,0,20,8,2
695001,Alimber Santa,Houston Astros,15.333333333333334,6,0,9,6,1
686973,Louis Varland,Toronto Blue Jays,78.0,20,0,97,23,2
696146,Hagen Smith,Chicago White Sox,28.0,5,1,41,16,1
702153,Brian Fitzpatrick,Milwaukee Brewers,6.666666666666667,2,0,5,3,0
594835,Marco Gonzales,Texas Rangers,6.666666666666667,1,0,3,4,0
665645,Kervin Castro,New York Yankees,6.333333333333333,1,0,8,2,0
701121,Logan VanWey,Houston Astros,12.666666666666666,3,0,9,1,1
641329,Bryan Baker,Tampa Bay Rays,62.333333333333336,12,0,63,22,4
678061,Ray Kerr,Atlanta Braves,18.333333333333332,3,1,11,2,2
605218,Carl Edwards Jr.,New York Mets,6.0,1,0,11,4,1
694357,Ricky Tiedemann,Toronto Blue Jays,6.0,1,0,8,6,0
681320,Nate Lavender,New York Mets,21.666666666666668,4,0,26,4,1
695243,Mason Miller,San Diego Padres,70.0,16,0,129,26,3
621112,Paul Blackburn,New York Yankees,85.0,19,2,69,33,7
676477,Garrett Whitlock,Boston Red Sox,52.333333333333336,13,0,59,9,3
643511,Tyler Rogers,Toronto Blue Jays,71.0,22,0,40,22,2
660271,Shohei Ohtani,Los Angeles Dodgers,85.66666666666667,21,14,95,26,4
694819,Jacob Misiorowski,Milwaukee Brewers,174.66666666666666,43,30,252,44,14
661395,Jhoan Duran,Philadelphia Phillies,59.333333333333336,14,0,84,10,2
673513,Yuki Matsui,San Diego Padres,64.0,14,0,68,36,7
676962,Ben Brown,Chicago Cubs,68.0,16,8,65,19,2
675916,James Karinchak,Atlanta Braves,9.666666666666666,2,0,8,5,1
605483,Blake Snell,Los Angeles Dodgers,42.666666666666664,10,9,55,16,0
669084,DL Hall,Milwaukee Brewers,61.333333333333336,13,1,64,35,5
687941,Alec Gamboa,Boston Red Sox,33.0,8,3,23,11,1
547973,Aroldis Chapman,Boston Red Sox,51.666666666666664,13,0,71,23,3
801725,Luis De León,Baltimore Orioles,9.333333333333334,3,0,6,2,1
805299,Brandyn Garcia,Arizona Diamondbacks,51.333333333333336,12,0,60,11,3
671922,Cade Smith,Cleveland Guardians,74.0,20,0,107,23,5
693645,Cam Schlittler,New York Yankees,193.66666666666666,52,33,239,49,16
682842,Abner Uribe,Milwaukee Brewers,59.333333333333336,13,0,62,19,3
592155,Cam Booser,Tampa Bay Rays,41.0,10,0,45,6,5
679885,Justin Martinez,Arizona Diamondbacks,13.333333333333334,5,0,18,10,0
660787,Yerry De los Santos,New York Yankees,22.0,9,0,17,8,4
686228,Juan Burgos,Arizona Diamondbacks,4.333333333333333,1,0,0,0,0
677020,Josh Walker,Baltimore Orioles,30.333333333333332,9,0,29,12,2
650960,Daniel Duarte,New York Mets,29.666666666666668,8,0,30,7,3
656641,Jacob Latz,Texas Rangers,72.0,19,1,83,23,6
595345,Steven Okert,Houston Astros,67.66666666666667,17,1,68,14,7
674073,Jack Weisenburger,New York Mets,12.666666666666666,3,0,14,4,0
519242,Chris Sale,Atlanta Braves,162.66666666666666,44,27,200,31,10
804619,John Klein,Toronto Blue Jays,8.333333333333334,4,0,7,6,1
702303,Riley Martin,Chicago Cubs,8.333333333333334,2,1,10,2,1
699044,Miguel Ullola,Houston Astros,16.666666666666668,4,2,16,5,2
687396,Brent Headrick,New York Yankees,78.33333333333333,20,0,98,27,5
681252,Jack Anderson,Minnesota Twins,12.333333333333334,3,0,12,3,1
699134,Bradgley Rodriguez,San Diego Padres,74.0,25,4,81,20,6
666661,Juan Morillo,Arizona Diamondbacks,64.33333333333333,18,0,74,23,3
671109,Jake Eder,Los Angeles Dodgers,4.0,1,0,1,1,0
642759,Julian Fernández,Washington Nationals,4.0,3,0,3,2,1
622694,Elieser Hernández,Atlanta Braves,12.0,3,0,13,6,3
691799,Grant Taylor,Chicago White Sox,84.0,27,4,106,30,7
656271,Brock Burke,Cincinnati Reds,74.33333333333333,32,0,74,40,5
621016,Jose Cuas,Kansas City Royals,23.333333333333332,7,0,25,15,0
805345,Trent Harris,San Francisco Giants,23.333333333333332,7,0,27,7,1
801434,Paul Gervase,Los Angeles Dodgers,7.666666666666667,2,0,8,5,0
669330,Tyler Wells,Tampa Bay Rays,72.0,23,0,72,18,8
666711,Joel Peguero,San Francisco Giants,11.333333333333334,5,0,5,4,0
656302,Dylan Cease,Toronto Blue Jays,169.0,54,29,239,78,11
676395,Robert Garcia,Texas Rangers,18.666666666666668,7,0,11,9,1
642528,Jonathan Loáisiga,Arizona Diamondbacks,67.0,20,0,48,13,3
687330,Kevin Kelly,Tampa Bay Rays,73.66666666666667,23,0,63,11,6
621107,Zach Eflin,Baltimore Orioles,3.6666666666666665,1,1,7,2,1
800311,Didier Fuentes,Atlanta Braves,73.33333333333333,21,1,92,21,6
668970,Gavin Hollowell,Chicago Cubs,14.666666666666666,5,0,13,9,2
690990,Cade Horton,Chicago Cubs,7.333333333333333,2,2,4,2,1
695378,Jack Sinclair,Washington Nationals,11.0,3,0,8,4,0
678868,Eddy Yean,Washington Nationals,11.0,3,1,7,2,1
670280,David Bednar,New York Yankees,69.33333333333333,25,0,76,20,4
701656,Logan Henderson,Milwaukee Brewers,98.33333333333333,28,18,110,19,14
621097,Jacob Waguespack,Detroit Tigers,47.0,14,1,35,18,6
808967,Yoshinobu Yamamoto,Los Angeles Dodgers,185.0,55,28,182,42,20
642048,Tayler Saucedo,Los Angeles Angels,21.333333333333332,6,0,26,7,1
689266,Dylan Dodd,Atlanta Braves,49.666666666666664,14,0,53,14,7
676620,Blake Weiman,Los Angeles Angels,17.666666666666668,8,0,16,3,3
628452,Raisel Iglesias,Atlanta Braves,60.0,21,0,64,17,6
800048,Parker Messick,Cleveland Guardians,186.33333333333334,57,32,193,49,17
621345,A.J. Minter,Minnesota Twins,45.666666666666664,16,0,41,8,9
804926,Austin Peterson,Cleveland Guardians,7.0,2,0,8,2,2
681870,Erik Sabrowski,Cleveland Guardians,48.333333333333336,17,0,76,31,3
592094,Jason Adam,San Diego Padres,34.333333333333336,10,0,22,10,5
669622,Anthony Bender,Miami Marlins,34.333333333333336,10,0,41,12,1
656730,Trevor Megill,Milwaukee Brewers,61.666666666666664,20,0,69,15,1
693686,Spencer Miles,Toronto Blue Jays,95.66666666666667,31,8,93,25,5
681911,Alex Vesia,Los Angeles Dodgers,58.0,18,0,74,32,4
701719,Tyler Samaniego,Boston Red Sox,20.333333333333332,8,1,17,8,1
700669,Gordon Graceffo,St. Louis Cardinals,81.0,28,1,63,36,5
607074,Carlos Rodón,New York Yankees,84.33333333333333,30,16,91,38,7
656876,Drew Rasmussen,Tampa Bay Rays,172.0,53,30,174,32,14
676974,Max Meyer,Miami Marlins,111.0,39,20,121,41,11
596133,Luke Weaver,Pittsburgh Pirates,60.333333333333336,19,0,65,16,5
656945,Tanner Scott,Los Angeles Dodgers,63.666666666666664,20,0,82,15,4
656786,Parker Mushinski,Colorado Rockies,6.666666666666667,2,0,0,5,0
676571,PJ Poulin,Washington Nationals,36.666666666666664,12,11,25,21,4
655889,Manuel Rodríguez,Tampa Bay Rays,6.666666666666667,3,0,10,8,1
592779,Brock Stewart,Los Angeles Dodgers,26.666666666666668,10,1,25,10,3
543243,Sonny Gray,Boston Red Sox,169.0,52,29,149,46,16
669373,Tarik Skubal,Los Angeles Dodgers,158.66666666666666,52,26,186,27,14
670059,Colin Holderman,Cleveland Guardians,52.666666666666664,18,0,50,20,1
663947,Tyler Holton,Detroit Tigers,72.0,27,3,55,19,8
675512,Troy Melton,Detroit Tigers,114.33333333333333,41,20,94,37,13
687239,Ben Peoples,Texas Rangers,16.333333333333332,5,0,10,8,3
608331,Max Fried,New York Yankees,112.66666666666667,35,20,104,33,4
657514,Brennan Bernardino,Colorado Rockies,64.0,25,2,49,15,5
670970,Adrian Morejon,San Diego Padres,86.0,32,0,107,28,4
686934,Alex McFarlane,Philadelphia Phillies,19.0,8,0,20,7,2
683618,Edgardo Henriquez,Los Angeles Dodgers,60.0,25,1,71,25,1
666200,Jesús Luzardo,Philadelphia Phillies,179.66666666666666,65,29,221,52,15
601713,Nick Pivetta,San Diego Padres,34.666666666666664,11,8,42,8,2
695505,Chase Burns,Cincinnati Reds,154.33333333333334,54,29,185,56,17
670990,Yohan Ramírez,Pittsburgh Pirates,85.0,32,1,102,44,4
615698,Cal Quantrill,Texas Rangers,110.0,41,15,81,25,13
682254,Mason Montgomery,Pittsburgh Pirates,68.66666666666667,23,5,105,26,6
593958,Eduardo Rodriguez,Arizona Diamondbacks,189.66666666666666,68,32,143,62,19
666974,Yennier Cano,Baltimore Orioles,49.666666666666664,19,0,45,13,2
650911,Cristopher Sánchez,Philadelphia Phillies,207.0,73,33,231,45,19
687531,William Kempner,Miami Marlins,12.333333333333334,4,0,14,4,1
642100,Gabe Speier,Seattle Mariners,46.0,17,0,45,15,5
680899,Erik Tolman,Washington Nationals,15.333333333333334,6,0,17,9,1
623211,Huascar Brazobán,Chicago White Sox,67.0,23,6,56,29,5
664199,Taylor Clarke,Arizona Diamondbacks,73.0,28,2,45,14,7
700712,Walbert Ureña,Los Angeles Angels,148.33333333333334,56,27,142,68,10
605540,Brandon Woodruff,Milwaukee Brewers,45.333333333333336,16,9,47,10,5
669062,Erik Miller,Boston Red Sox,51.333333333333336,18,1,74,34,3
683769,Hunter Gaddis,Cleveland Guardians,60.333333333333336,20,0,57,22,7
666745,Jhony Brito,San Diego Padres,9.0,3,0,6,1,2
694350,Zach Brzykcy,Miami Marlins,3.0,1,0,2,2,0
662144,Brian Keller,Philadelphia Phillies,3.0,1,0,3,0,1
573009,Joe Mantiply,Toronto Blue Jays,27.0,10,0,22,5,3
694397,Marco Raya,Minnesota Twins,6.0,2,0,4,3,1
686796,Blake Walston,Arizona Diamondbacks,3.0,2,0,2,3,0
554430,Zack Wheeler,Philadelphia Phillies,162.0,55,28,193,47,21
656848,Michael Petersen,Miami Marlins,65.66666666666667,25,0,81,29,5
682120,Tim Herrin,Cleveland Guardians,56.666666666666664,22,0,54,28,5
681895,Evan Sisk,Pittsburgh Pirates,44.666666666666664,15,0,50,25,2
676917,Cade Cavalli,Washington Nationals,169.66666666666666,68,32,200,48,18
801139,Payton Tolle,Boston Red Sox,148.66666666666666,54,26,171,40,15
527048,Martín Pérez,Atlanta Braves,142.0,53,26,102,62,14
676428,Brant Hurter,Detroit Tigers,35.333333333333336,13,0,24,15,1
815081,Mark Manfredi,Colorado Rockies,17.666666666666668,6,0,16,9,1
665622,Luis Medina,Athletics,73.0,30,1,93,39,7
656794,Sean Newcomb,Chicago White Sox,90.33333333333333,35,6,84,34,4
670329,Rico Garcia,Baltimore Orioles,67.0,26,0,68,22,9
669276,Dylan Lee,Atlanta Braves,67.0,25,0,77,17,3
594027,Tyron Guerrero,Boston Red Sox,40.666666666666664,18,0,41,8,2
607259,Nick Martinez,Tampa Bay Rays,180.0,62,31,109,26,22
622088,Tejay Antone,Cincinnati Reds,55.0,22,0,57,17,6
676879,Aaron Ashby,Milwaukee Brewers,89.33333333333333,36,1,116,41,8
696519,Samy Natera Jr.,Los Angeles Angels,31.666666666666668,11,0,48,13,1
518585,Fernando Cruz,New York Yankees,54.666666666666664,23,0,67,32,7
670062,Julian Garcia,Cincinnati Reds,46.0,17,0,41,19,7
656240,Scott Blewett,Athletics,37.333333333333336,16,0,34,11,4
805326,Tyler Schweitzer,Chicago White Sox,37.333333333333336,13,0,18,12,3
592866,Trevor Williams,Texas Rangers,28.666666666666668,10,1,34,10,4
669020,Ryan Rolison,Chicago Cubs,63.0,24,2,55,28,6
663558,Jovani Morán,Boston Red Sox,65.66666666666667,24,3,73,33,9
690997,Nolan McLean,New York Mets,179.66666666666666,75,31,194,70,17
691945,Carter Baumler,Texas Rangers,5.666666666666667,2,0,6,6,1
572143,Burch Smith,Detroit Tigers,17.0,8,1,20,7,2
686613,Hunter Brown,Houston Astros,107.33333333333333,42,20,124,55,11
489446,Kirby Yates,Pittsburgh Pirates,42.333333333333336,16,1,49,17,3
656529,Sam Hentges,San Francisco Giants,36.666666666666664,17,0,41,25,0
445276,Kenley Jansen,Detroit Tigers,45.0,18,0,51,23,7
676263,Jack Dreyer,Los Angeles Dodgers,64.66666666666667,23,3,73,23,7
650633,Michael King,San Diego Padres,185.0,68,32,159,70,20
680755,Braydon Fisher,Toronto Blue Jays,75.66666666666667,34,10,74,44,8
624133,Ranger Suarez,Boston Red Sox,148.33333333333334,56,28,140,46,10
694795,Josh Ekness,Miami Marlins,30.666666666666668,16,0,24,20,2
669713,Hayden Wesneski,Houston Astros,61.0,27,11,46,20,4
548384,Brooks Raley,Philadelphia Phillies,52.666666666666664,22,0,51,20,6
680744,Ty Madden,Detroit Tigers,47.0,17,1,46,14,5
669711,Greg Weissert,Boston Red Sox,60.666666666666664,23,0,60,20,8
670167,John Schreiber,New York Yankees,60.333333333333336,26,0,40,26,7
605280,Clay Holmes,Chicago Cubs,101.33333333333333,39,18,78,42,6
605242,Michael Fulmer,New York Yankees,13.666666666666666,7,0,18,8,2
689254,Mason Fluharty,Toronto Blue Jays,62.666666666666664,23,4,65,28,6
677161,Zack Kelly,Boston Red Sox,16.333333333333332,8,0,14,7,1
673380,Dedniel Núñez,New York Mets,19.0,9,0,20,0,4
608379,Michael Wacha,Kansas City Royals,200.66666666666666,82,32,158,54,30
681867,Cooper Criswell,Seattle Mariners,40.666666666666664,18,0,31,16,3
663687,Hogan Harris,Athletics,70.33333333333333,28,0,88,42,8
813349,Connelly Early,Washington Nationals,94.66666666666667,35,18,94,34,15
696070,Kendry Rojas,Minnesota Twins,29.666666666666668,11,4,34,22,2
663969,Tyler Phillips,Miami Marlins,126.66666666666667,50,20,101,56,17
680732,Sean Burke,Chicago White Sox,172.33333333333334,67,27,185,62,19
676775,Keaton Winn,San Francisco Giants,43.0,17,0,33,17,3
663423,Trent Thornton,Chicago Cubs,48.333333333333336,21,0,31,17,8
680742,Jonathan Bowlan,Philadelphia Phillies,56.333333333333336,23,0,73,15,8
668941,JoJo Romero,Milwaukee Brewers,56.333333333333336,22,0,54,18,7
681982,Grant Anderson,Milwaukee Brewers,59.0,27,0,52,23,8
663556,Shane McClanahan,Tampa Bay Rays,118.0,52,24,106,39,10
672282,Reid Detmers,Los Angeles Angels,185.0,72,32,211,48,19
657097,Jacob Webb,Chicago Cubs,67.0,28,0,73,25,10
608718,Brent Suter,Atlanta Braves,91.0,42,4,78,25,9
663795,Justin Hagenman,New York Mets,8.0,3,1,4,2,2
681973,Josh Hendrickson,Houston Astros,2.6666666666666665,1,0,3,0,0
641941,Emilio Pagán,Cincinnati Reds,42.666666666666664,16,0,45,11,7
694820,Braxton Roxby,San Francisco Giants,5.333333333333333,2,0,3,2,0
669704,Kade Strowd,Arizona Diamondbacks,2.6666666666666665,1,0,1,5,0
700413,Tyler Uberstine,Boston Red Sox,2.6666666666666665,1,0,2,1,1
694477,Chad Patrick,Milwaukee Brewers,106.0,40,6,93,47,11
682989,Victor Mederos,Atlanta Braves,34.333333333333336,13,0,34,14,1
647336,Michael Soroka,Arizona Diamondbacks,116.0,45,21,114,29,10
804267,Zac Thornton,New York Mets,84.33333333333333,33,15,63,18,14
669199,Lake Bachar,Pittsburgh Pirates,86.66666666666667,35,12,93,36,13
674841,Andrew Alvarez,Washington Nationals,112.66666666666667,43,17,114,51,7
656550,Grant Holmes,Atlanta Braves,151.66666666666666,60,29,115,62,22
641755,Tyler Kinley,Detroit Tigers,57.333333333333336,24,0,48,26,10
623465,Evan Phillips,Los Angeles Dodgers,26.0,11,0,33,6,5
641835,Tim Mayza,Philadelphia Phillies,67.33333333333333,28,6,64,18,7
669093,Jeremiah Estrada,San Diego Padres,31.0,16,0,38,16,2
672456,Keider Montero,Detroit Tigers,155.0,64,25,107,37,17
677976,Randy Dobnak,Kansas City Royals,74.33333333333333,31,13,49,26,7
681676,Ryan Fernandez,St. Louis Cardinals,23.0,14,0,28,11,2
694494,Ty Johnson,Tampa Bay Rays,7.666666666666667,3,0,11,4,1
643377,Griffin Jax,Tampa Bay Rays,112.33333333333333,56,23,116,35,15
607192,Tyler Glasnow,Los Angeles Dodgers,74.0,29,13,98,25,7
552640,Andrew Kittredge,Baltimore Orioles,48.333333333333336,30,0,40,11,6
656546,Jeff Hoffman,Minnesota Twins,66.0,33,0,102,30,4
676534,Calvin Faucher,Miami Marlins,68.33333333333333,33,0,73,37,1
687064,Brandon Young,Baltimore Orioles,156.66666666666666,71,28,133,61,22
676106,Emerson Hancock,Seattle Mariners,138.66666666666666,56,25,126,32,20
683363,Matt Wilkinson,San Francisco Giants,27.666666666666668,14,6,20,5,5
664141,JT Brubaker,San Francisco Giants,60.333333333333336,27,1,39,26,5
592662,Robbie Ray,San Diego Padres,165.66666666666666,74,30,140,84,22
677865,Justin Bruihl,St. Louis Cardinals,77.66666666666667,41,0,53,28,4
656492,Foster Griffin,Cleveland Guardians,172.66666666666666,76,31,158,45,23
592288,Kent Emanuel,Cincinnati Reds,5.0,2,1,4,3,0
676510,Nolan Hoffman,Kansas City Royals,15.0,6,0,12,6,0
666619,Gregory Santos,San Francisco Giants,5.0,5,0,1,3,0
681217,Chase Silseth,Texas Rangers,60.0,26,0,74,35,6
810938,Ben Williamson,Tampa Bay Rays,5.0,2,0,0,1,1
677960,Ryan Weathers,New York Yankees,137.33333333333334,61,25,143,38,18
593974,Wandy Peralta,San Diego Padres,77.33333333333333,31,5,50,23,7
543037,Gerrit Cole,New York Yankees,127.0,52,22,131,25,22
680604,Blas Castaño,Colorado Rockies,27.333333333333332,12,0,21,9,4
676282,Joey Cantillo,Cleveland Guardians,159.0,79,30,171,81,17
702021,Will Dion,Washington Nationals,49.666666666666664,24,1,55,17,8
665871,Javier Assad,Chicago Cubs,94.33333333333333,39,11,63,27,16
642397,Gregory Soto,Pittsburgh Pirates,67.0,31,0,79,29,5
622554,Seranthony Domínguez,Seattle Mariners,62.0,28,0,65,31,9
805427,Drew Sommers,Detroit Tigers,39.666666666666664,20,0,62,14,4
694037,Daniel Palencia,Chicago Cubs,29.666666666666668,13,0,30,11,4
595014,Blake Treinen,Los Angeles Dodgers,29.666666666666668,12,0,31,13,3
571948,Hoby Milner,Seattle Mariners,42.0,17,0,25,10,5
596001,Jakob Junis,Texas Rangers,54.333333333333336,22,1,38,18,4
677952,Braxton Ashcraft,Pittsburgh Pirates,165.33333333333334,73,28,173,35,22
702885,Cesar Perdomo,San Francisco Giants,24.666666666666668,10,4,14,7,4
687562,Jake Bennett,Boston Red Sox,113.33333333333333,47,19,91,21,12
805123,AJ Blubaugh,Houston Astros,96.0,41,0,94,42,13
699823,Tyler Davis,Chicago White Sox,32.0,15,0,27,16,3
681517,Kyle Leahy,St. Louis Cardinals,140.0,58,30,132,41,15
680736,Justin Wrobleski,Los Angeles Dodgers,140.0,59,22,118,31,21
623454,Drew Anderson,Detroit Tigers,108.0,48,11,114,43,16
690928,Hunter Dobbins,St. Louis Cardinals,54.0,24,8,52,24,7
691946,George Klassen,Los Angeles Angels,27.0,13,6,24,21,2
694361,Will Klein,Los Angeles Dodgers,41.666666666666664,22,3,49,21,3
683000,Riley Cornelio,Washington Nationals,36.666666666666664,22,3,40,29,2
676272,Bobby Miller,Los Angeles Dodgers,7.333333333333333,3,0,8,4,1
647315,Zach Pop,Philadelphia Phillies,7.333333333333333,3,1,6,3,0
702056,Trey Yesavage,Toronto Blue Jays,97.66666666666667,41,20,97,47,12
670950,Trevor Richards,Chicago White Sox,83.0,38,0,73,26,12
642232,Ryan Yarbrough,New York Yankees,63.333333333333336,33,2,49,23,3
641302,Tyler Alexander,Texas Rangers,73.0,34,5,60,23,3
681892,Kody Funderburk,Minnesota Twins,51.0,21,0,49,27,3
669372,J.T. Ginn,Athletics,138.33333333333334,63,24,121,57,17
683003,Jared Jones,Pittsburgh Pirates,101.66666666666667,43,21,123,31,12
669302,Logan Gilbert,Seattle Mariners,186.0,77,32,205,49,29
650556,Bryan Abreu,Houston Astros,62.666666666666664,28,0,80,41,9
671737,Taj Bradley,Minnesota Twins,178.33333333333334,74,31,205,76,23
663542,Bryan Hudson,Chicago White Sox,67.33333333333333,31,9,59,18,5
668909,Gavin Williams,Cleveland Guardians,184.33333333333334,81,32,248,61,28
663460,Kris Bubic,Los Angeles Dodgers,55.0,23,9,56,26,4
690978,Dax Fulton,Miami Marlins,28.666666666666668,12,0,29,15,1
668984,Casey Legumina,Tampa Bay Rays,71.66666666666667,30,6,55,19,7
687377,Orlando Ribalta,Washington Nationals,43.0,21,0,42,18,5
684007,Shota Imanaga,Chicago Cubs,174.33333333333334,75,32,174,37,35
694297,Brandon Pfaadt,Arizona Diamondbacks,136.0,61,19,94,32,14
683409,Angel Chivilli,New York Yankees,16.666666666666668,9,0,16,7,4
670036,Matt Festa,Cleveland Guardians,66.66666666666667,32,0,69,21,7
695418,Brad Lord,Washington Nationals,83.33333333333333,36,5,77,33,10
688158,David Morgan,San Diego Padres,33.333333333333336,16,0,39,22,2
807739,Kade Anderson,Seattle Mariners,35.666666666666664,15,7,32,9,4
657746,Joe Ryan,Minnesota Twins,144.66666666666666,74,27,159,31,21
656222,Jalen Beeks,Texas Rangers,26.0,11,0,21,8,6
804636,Jonah Tong,New York Mets,30.666666666666668,16,4,34,14,2
663567,Peter Lambert,Houston Astros,155.66666666666666,68,29,154,59,17
694973,Paul Skenes,Pittsburgh Pirates,174.33333333333334,82,32,200,49,20
646241,Enmanuel De Jesus,Detroit Tigers,42.333333333333336,21,0,39,15,3
607200,Erick Fedde,Chicago White Sox,141.0,68,15,99,52,23
687273,Quinn Mathews,St. Louis Cardinals,49.333333333333336,21,9,46,20,5
669467,Andre Pallante,St. Louis Cardinals,162.0,73,29,110,50,12
681035,Christian Scott,New York Mets,110.0,48,23,134,47,12
682668,Luisangel Acuña,Chicago White Sox,2.3333333333333335,1,0,0,1,1
820862,José Fermin,Los Angeles Angels,53.666666666666664,27,0,62,25,6
682608,Peyton Gray,Texas Rangers,56.0,29,0,60,17,9
689017,Landon Knack,Los Angeles Dodgers,11.666666666666666,5,0,8,2,4
622761,Jorge Mateo,Atlanta Braves,2.3333333333333335,1,0,1,1,0
664074,Cody Ponce,Toronto Blue Jays,2.3333333333333335,1,1,3,1,0
663432,Tanner Rainey,Detroit Tigers,7.0,3,0,6,8,0
692230,Carlos Rodriguez,Milwaukee Brewers,9.333333333333334,4,0,8,4,1
681916,Dylan Smith,San Francisco Giants,39.666666666666664,20,0,45,22,3
544150,Albert Suárez,Baltimore Orioles,63.0,32,0,46,20,8
694360,Beck Way,Kansas City Royals,23.333333333333332,13,1,21,10,4
688107,Robert Gasser,Milwaukee Brewers,109.33333333333333,49,20,103,35,15
645261,Sandy Alcantara,Miami Marlins,214.0,97,33,153,59,24
666171,Ryan Zeferjahn,Chicago Cubs,69.66666666666667,33,0,94,40,7
801403,Chase Dollander,Colorado Rockies,44.0,19,3,47,18,6
681190,Randy Vásquez,San Diego Padres,140.66666666666666,65,23,87,37,16
665660,Elvis Alvarado,Athletics,55.333333333333336,25,0,65,25,10
691587,Eury Pérez,Miami Marlins,159.0,77,29,170,68,20
571510,Matthew Boyd,Chicago Cubs,126.66666666666667,59,22,96,39,15
667755,José Soriano,Toronto Blue Jays,177.33333333333334,83,32,169,73,18
695549,Jackson Jobe,Detroit Tigers,46.0,21,9,51,16,7
667297,Tommy Nance,Minnesota Twins,59.666666666666664,28,0,68,24,8
701542,Will Warren,New York Yankees,156.0,83,29,158,54,21
814490,Ethan Pecko,Houston Astros,34.333333333333336,16,5,23,14,5
608650,Dietrich Enns,Baltimore Orioles,16.0,8,0,13,11,0
663855,Jordan Hicks,Chicago White Sox,48.0,21,2,64,33,4
663436,Davis Martin,Chicago White Sox,146.0,68,28,122,46,14
700241,Michael McGreevy,St. Louis Cardinals,168.66666666666666,79,31,115,48,21
695049,Brett Kerry,Los Angeles Angels,13.666666666666666,6,0,12,2,1
669387,Carmen Mlodzinski,Pittsburgh Pirates,123.0,62,12,97,44,10
685464,Cade Winquest,St. Louis Cardinals,13.666666666666666,8,0,16,8,1
683627,Anthony Molina,San Francisco Giants,34.0,18,5,31,7,3
690953,Mick Abel,Minnesota Twins,20.333333333333332,9,3,23,10,0
667463,John King,Miami Marlins,49.666666666666664,24,1,33,17,7
641816,Tyler Mahle,Atlanta Braves,149.0,69,27,137,46,20
670245,Ryan Watson,Los Angeles Angels,72.0,33,0,65,23,8
677961,Cole Wilcox,Seattle Mariners,27.0,13,0,28,17,2
693433,Bryan Woo,Seattle Mariners,173.0,84,30,175,39,18
694738,Landen Roupp,San Francisco Giants,155.0,74,29,143,75,11
660825,Eduard Bazardo,Seattle Mariners,67.33333333333333,34,0,70,25,13
605288,Adrian Houser,San Francisco Giants,109.66666666666667,54,16,75,34,15
641745,Brad Keller,Philadelphia Phillies,31.333333333333332,15,0,32,13,4
592773,Ryne Stanek,St. Louis Cardinals,62.666666666666664,31,0,65,32,9
663767,Chase Shugart,Philadelphia Phillies,53.666666666666664,28,0,59,20,10
669432,Trevor Rogers,Baltimore Orioles,169.66666666666666,81,30,157,39,19
690279,Mason Adams,Colorado Rockies,29.0,17,6,31,12,6
664285,Framber Valdez,Detroit Tigers,174.0,87,31,135,67,16
815083,Mitch Farris,Los Angeles Angels,60.0,29,0,63,29,10
685112,Zach McCambley,Cincinnati Reds,13.333333333333334,6,0,14,6,1
622608,Antonio Senzatela,Milwaukee Brewers,73.33333333333333,37,0,60,26,6
689296,Anthony Nunez,Baltimore Orioles,59.666666666666664,31,0,66,26,5
668933,Graham Ashcraft,Cincinnati Reds,35.333333333333336,17,0,40,24,2
676617,Riley O'Brien,St. Louis Cardinals,64.0,35,0,64,29,5
663738,Daniel Lynch IV,Kansas City Royals,86.0,43,10,56,26,11
687473,Ryan Gusto,Miami Marlins,88.0,43,18,74,28,11
693821,Bryce Elder,Atlanta Braves,149.0,74,26,121,49,24
669358,Shane Baz,Baltimore Orioles,179.66666666666666,92,31,154,63,15
682982,Daniel Espino,Cleveland Guardians,15.333333333333334,7,3,25,7,3
664854,Ryan Helsley,Baltimore Orioles,15.333333333333334,9,0,21,9,3
690829,Ben Joyce,Los Angeles Angels,15.333333333333334,9,0,18,9,1
694680,Trevor Martin,Los Angeles Angels,15.333333333333334,14,0,9,7,4
663878,Nate Pearson,Kansas City Royals,46.0,23,0,41,26,2
702070,Noah Cameron,Kansas City Royals,177.33333333333334,87,30,158,58,21
681810,Austin Warren,New York Mets,50.333333333333336,24,2,55,24,6
663992,Richard Lovelady,Washington Nationals,35.0,20,6,31,24,5
680694,Kyle Bradish,Baltimore Orioles,155.0,83,29,142,70,20
656464,Kevin Ginkel,Arizona Diamondbacks,67.66666666666667,34,0,72,17,9
669165,Kyle Hurt,Los Angeles Dodgers,45.666666666666664,23,1,58,23,5
672629,Gerardo Carrillo,Arizona Diamondbacks,17.333333333333332,10,0,21,16,0
666808,Camilo Doval,San Francisco Giants,60.666666666666664,38,0,66,33,7
671345,Jason Foley,San Francisco Giants,26.0,15,0,15,11,2
656756,Jordan Montgomery,Texas Rangers,26.0,12,0,20,6,3
689981,River Ryan,Detroit Tigers,4.333333333333333,2,2,6,3,1
622663,Luis Severino,Athletics,62.666666666666664,33,12,65,31,9
682243,Bryce Miller,Seattle Mariners,118.66666666666667,60,21,119,38,21
678606,José A. Ferrer,Seattle Mariners,64.66666666666667,33,0,54,20,7
675660,Shane Drohan,Milwaukee Brewers,124.66666666666667,63,19,125,44,14
543135,Nathan Eovaldi,Texas Rangers,145.66666666666666,71,23,144,35,24
690986,Kyle Harrison,Milwaukee Brewers,115.66666666666667,62,24,141,36,20
650644,Aaron Civale,Chicago Cubs,111.33333333333333,55,15,91,35,18
594798,Jacob deGrom,Texas Rangers,162.66666666666666,76,31,201,46,20
693855,Ian Seymour,Tampa Bay Rays,132.66666666666666,67,16,158,36,25
681799,Ethan Roberts,Chicago Cubs,25.666666666666668,14,0,17,14,3
670103,Raymond Burgos,Boston Red Sox,21.333333333333332,11,0,16,1,3
665665,Reiver Sanmartin,San Francisco Giants,21.333333333333332,12,0,16,7,3
676083,Janson Junk,Miami Marlins,123.66666666666667,63,25,89,33,15
666277,George Soriano,St. Louis Cardinals,66.0,33,0,66,35,10
662253,Andrés Muñoz,Seattle Mariners,57.333333333333336,29,0,89,24,9
643410,Mark Leiter Jr.,Athletics,33.666666666666664,16,0,38,11,2
674003,Cody Bradford,Texas Rangers,44.0,21,8,22,10,6
674444,Steven Cruz,Kansas City Royals,58.666666666666664,30,2,65,20,14
672782,Yoendrys Gómez,Minnesota Twins,67.0,36,0,65,39,7
664991,Grant Wolfram,Baltimore Orioles,52.333333333333336,30,0,61,16,3
640448,Kyle Finnegan,Detroit Tigers,60.666666666666664,31,0,47,34,10
696131,Mason Black,Kansas City Royals,31.333333333333332,16,0,19,20,6
657277,Logan Webb,San Francisco Giants,160.66666666666666,80,27,134,41,13
642121,Cole Sulser,Tampa Bay Rays,56.333333333333336,31,2,56,17,7
663554,Casey Mize,San Diego Padres,131.33333333333334,69,26,110,38,18
680702,Joey Gerber,New York Mets,8.333333333333334,4,0,8,4,1
573124,Taylor Rogers,Minnesota Twins,60.333333333333336,35,0,54,31,5
669923,George Kirby,Seattle Mariners,174.66666666666666,89,30,148,47,22
669060,Bryse Wilson,Milwaukee Brewers,35.333333333333336,17,0,31,3,5
678394,Brayan Bello,Boston Red Sox,116.33333333333333,61,11,92,36,12
607067,Colin Rea,Chicago Cubs,137.0,68,19,101,47,21
669947,Jesse Scholtens,Tampa Bay Rays,47.666666666666664,25,2,37,15,12
676440,Tanner Bibee,Cleveland Guardians,188.0,95,33,148,55,29
669456,Shane Bieber,Toronto Blue Jays,55.666666666666664,28,11,44,24,10
687309,Cooper Hjerpe,St. Louis Cardinals,12.333333333333334,6,0,15,9,0
700249,Cade Povich,Baltimore Orioles,37.0,18,7,28,15,6
677958,Kumar Rocker,Texas Rangers,148.0,74,27,138,61,20
702193,Andrew Morris,Minnesota Twins,73.66666666666667,42,3,69,27,5
669270,Joel Kuhnel,San Francisco Giants,45.0,27,0,28,18,7
703725,Luis Gastelum,St. Louis Cardinals,36.666666666666664,23,0,44,12,6
642547,Freddy Peralta,Tampa Bay Rays,169.0,91,32,156,63,23
683742,Jose Franco,Cincinnati Reds,20.333333333333332,11,0,15,16,3
657044,Ryan Thompson,Arizona Diamondbacks,40.666666666666664,23,0,29,13,3
642207,Devin Williams,New York Mets,40.666666666666664,25,0,52,21,3
695380,Alex Hoppe,Baltimore Orioles,42.666666666666664,29,0,47,20,3
680916,Franco Aleman,Cleveland Guardians,22.333333333333332,12,0,28,10,4
805074,Yunior Marte,San Francisco Giants,24.333333333333332,12,3,15,10,5
641743,Anthony Kay,Chicago White Sox,158.0,85,31,129,56,21
694918,Blade Tidwell,San Francisco Giants,56.666666666666664,29,9,46,21,8
607455,Anthony Banda,Minnesota Twins,34.333333333333336,19,0,33,15,3
696062,Wilber Dotel,Pittsburgh Pirates,42.333333333333336,24,2,41,16,3
641927,Bailey Ober,Minnesota Twins,131.0,69,24,96,37,21
656427,Jack Flaherty,Detroit Tigers,88.33333333333333,52,19,103,42,11
808963,Roki Sasaki,Los Angeles Dodgers,122.33333333333333,63,23,123,48,22
690925,Clayton Beeter,Washington Nationals,48.0,25,0,47,31,8
543056,Danny Coulombe,Boston Red Sox,22.0,11,0,10,15,1
676105,Jeff Criswell,Colorado Rockies,4.0,2,0,3,3,2
518886,Craig Kimbrel,Kansas City Royals,46.0,27,0,40,22,4
663568,Stephen Kolek,Kansas City Royals,54.0,30,10,34,12,8
680951,Doug Nikhazy,Chicago White Sox,2.0,1,0,1,2,0
686780,Pedro Pagés,St. Louis Cardinals,2.0,1,0,0,0,1
608371,Lucas Sims,Chicago White Sox,10.0,7,0,10,7,1
664702,Myles Straw,Toronto Blue Jays,4.0,2,0,0,1,1
592332,Kevin Gausman,Chicago Cubs,177.66666666666666,96,32,184,47,26
625643,Reynaldo López,Atlanta Braves,79.33333333333333,44,13,73,34,11
693313,Carson Seymour,San Francisco Giants,31.666666666666668,19,1,23,16,6
686218,Emmet Sheehan,Los Angeles Dodgers,112.33333333333333,58,22,132,33,21
701519,Travis Adams,Minnesota Twins,59.0,32,0,62,25,8
669022,MacKenzie Gore,Texas Rangers,173.0,89,34,174,71,19
542888,Shawn Armstrong,Cleveland Guardians,35.333333333333336,19,0,34,19,4
605135,Chris Bassitt,Baltimore Orioles,102.0,53,18,74,38,10
686580,Justin Slaten,Boston Red Sox,31.333333333333332,20,0,39,8,4
657612,Tim Hill,New York Yankees,58.666666666666664,33,0,25,13,12
676742,Cam Sanders,Baltimore Orioles,29.333333333333332,15,0,40,20,1
671096,Andrew Abbott,Cincinnati Reds,166.0,91,32,131,76,26
661563,Luis Gil,New York Yankees,27.333333333333332,16,4,17,18,6
696149,Bubba Chandler,Pittsburgh Pirates,154.0,89,30,140,80,15
572955,Pierce Johnson,Cincinnati Reds,48.666666666666664,25,0,42,19,8
621111,Walker Buehler,San Diego Padres,153.66666666666666,81,32,131,57,22
676051,Codi Heuer,Cleveland Guardians,9.666666666666666,5,0,6,5,0
605400,Aaron Nola,Philadelphia Phillies,175.33333333333334,93,33,177,59,37
665152,Dean Kremer,Minnesota Twins,90.33333333333333,50,17,86,29,18
676664,JP Sears,San Diego Padres,32.666666666666664,19,6,25,11,6
682445,Domingo Gonzalez,Seattle Mariners,7.666666666666667,4,0,5,5,1
669160,Dustin May,Milwaukee Brewers,145.66666666666666,79,31,144,50,14
664954,Brett Sullivan,Colorado Rockies,7.666666666666667,4,0,1,2,1
683352,Mitch Bratt,Arizona Diamondbacks,44.0,23,10,30,27,5
694753,Khristian Curtis,Pittsburgh Pirates,21.0,11,0,13,12,1
702474,Mike Paredes,Minnesota Twins,34.333333333333336,19,5,19,13,6
623149,Paul Sewald,Toronto Blue Jays,53.333333333333336,30,0,53,13,13
672841,Carlos Vargas,Seattle Mariners,19.0,10,0,17,4,2
702047,Alex Cook,Tampa Bay Rays,5.666666666666667,3,0,5,2,1
672335,Cionel Pérez,New York Mets,45.333333333333336,25,2,44,19,7
678906,Kai-Wei Teng,Houston Astros,73.66666666666667,43,10,73,33,10
640455,Sean Manaea,New York Mets,150.66666666666666,88,19,144,44,25
664076,Garrett Cleavinger,Tampa Bay Rays,41.333333333333336,23,0,54,22,6
594580,Sam Moll,Cincinnati Reds,56.333333333333336,36,0,56,30,5
656849,David Peterson,Chicago Cubs,148.33333333333334,86,23,137,65,15
660853,Enyel De Los Santos,Houston Astros,71.33333333333333,43,0,67,20,11
696147,Sam Bachman,Los Angeles Angels,48.666666666666664,27,0,49,29,7
669684,Chris Murphy,Chicago White Sox,33.666666666666664,21,3,35,16,4
664129,Geoff Hartlieb,Athletics,28.0,15,0,22,14,1
699008,Antwone Kelly,Pittsburgh Pirates,18.666666666666668,10,0,14,8,4
695534,Chase Petty,Cincinnati Reds,31.666666666666668,19,3,15,9,6
666142,Cole Ragans,Kansas City Royals,35.333333333333336,20,8,45,23,10
689520,Cody Laweryson,Minnesota Twins,16.666666666666668,12,0,18,8,3
573204,Caleb Thielbar,Chicago Cubs,50.0,30,0,60,18,11
642376,Jefry Yan,New York Mets,20.333333333333332,12,1,26,15,3
687570,Connor Prielipp,Minnesota Twins,125.66666666666667,76,22,128,44,14
805673,Zebby Matthews,Minnesota Twins,130.33333333333334,76,23,116,39,24
677944,Slade Cecconi,Cleveland Guardians,121.0,72,21,99,39,19
668873,Caleb Kilian,Philadelphia Phillies,47.666666666666664,30,0,56,22,6
702275,JR Ritchie,Atlanta Braves,73.33333333333333,43,11,68,43,13
545121,Ildemaro Vargas,Arizona Diamondbacks,3.6666666666666665,2,0,0,3,0
680767,Victor Vodnik,Miami Marlins,58.666666666666664,37,0,44,33,3
579328,Yusei Kikuchi,Los Angeles Angels,67.66666666666667,38,14,67,30,7
606996,Kyle Hart,San Diego Padres,64.0,37,4,59,26,5
837227,Tatsuya Imai,Houston Astros,76.66666666666667,42,15,97,51,9
684974,Craig Yoho,Cleveland Guardians,38.333333333333336,21,0,41,18,6
689546,Nick Davila,Seattle Mariners,27.333333333333332,17,0,13,13,2
621366,Ryan Borucki,San Francisco Giants,23.666666666666668,14,0,15,9,3
518876,Merrill Kelly,Arizona Diamondbacks,162.0,93,29,113,70,28
669194,Ryne Nelson,Arizona Diamondbacks,87.33333333333333,55,15,66,24,18
679775,Kyle Backhus,Philadelphia Phillies,20.0,12,1,20,6,3
664353,José Urquidy,Philadelphia Phillies,36.333333333333336,24,1,30,7,4
681293,Spencer Arrighetti,Toronto Blue Jays,110.66666666666667,67,19,106,64,18
689147,Orion Kerkering,Philadelphia Phillies,58.0,36,0,63,34,5
666157,Nick Lodolo,Cincinnati Reds,108.66666666666667,60,21,83,46,20
689225,Beau Brieske,Detroit Tigers,25.333333333333332,14,0,24,7,5
691008,Max Rajcic,St. Louis Cardinals,9.0,5,0,8,6,1
689149,Chad Dallas,Toronto Blue Jays,14.333333333333334,8,0,17,8,2
696270,Ryan Johnson,Los Angeles Angels,100.0,61,19,79,43,18
641401,Connor Brogdon,Cleveland Guardians,16.0,12,0,15,3,5
672442,Yovanny Cruz,Washington Nationals,16.0,9,0,15,9,2
669724,Brenan Hanifee,Detroit Tigers,21.333333333333332,12,2,10,7,5
811315,Brody Hopkins,Tampa Bay Rays,5.333333333333333,3,0,7,6,1
691951,Sam Aldegheri,Los Angeles Angels,33.666666666666664,21,6,22,17,5
686790,Trevor McDonald,San Francisco Giants,70.33333333333333,43,14,57,23,7
663776,Patrick Sandoval,Boston Red Sox,70.33333333333333,44,13,73,32,7
686753,Drey Jameson,Arizona Diamondbacks,19.333333333333332,11,0,13,10,1
683232,Nick Mears,Kansas City Royals,19.333333333333332,11,0,15,11,2
669212,Eli Morgan,Kansas City Royals,19.333333333333332,11,0,16,9,5
675627,Michael Grove,Tampa Bay Rays,7.0,5,0,6,0,3
664299,Cristian Javier,Houston Astros,63.0,36,12,59,28,10
690155,Matt Pushard,St. Louis Cardinals,7.0,5,0,6,4,0
608337,Lucas Giolito,San Diego Padres,29.666666666666668,19,5,18,23,4
677053,Andrew Nardi,Miami Marlins,22.666666666666668,13,0,27,11,4
607625,Seth Lugo,Kansas City Royals,172.33333333333334,107,32,134,54,23
657571,Caleb Ferguson,St. Louis Cardinals,33.0,19,1,31,19,5
687911,Bryan King,Houston Astros,60.666666666666664,39,1,51,23,9
685005,Christian Roa,Houston Astros,8.666666666666666,5,0,6,7,1
663941,Tristan Beck,San Francisco Giants,19.0,11,0,9,5,2
671212,Joe Boyle,Tampa Bay Rays,19.0,13,3,21,9,1
641793,Zack Littell,Arizona Diamondbacks,124.33333333333333,81,14,73,39,30
677955,Jaden Hill,Colorado Rockies,39.666666666666664,23,0,40,23,3
669461,Matthew Liberatore,St. Louis Cardinals,155.0,96,31,154,55,28
671936,Adam Macko,Texas Rangers,31.0,19,1,32,14,5
688883,Peyton Pallette,Cleveland Guardians,20.666666666666668,13,0,22,16,2
697812,Joe Rock,Athletics,10.333333333333334,7,0,12,13,0
641778,Eric Lauer,Los Angeles Dodgers,108.33333333333333,64,18,72,35,26
657756,Connor Seabold,Kansas City Royals,24.0,15,0,20,11,2
608566,Germán Márquez,San Diego Padres,53.0,32,10,37,24,14
675848,Juan Mejia,Colorado Rockies,70.0,44,1,66,40,6
702752,Jonathan Pintaro,New York Mets,30.666666666666668,19,0,30,16,5
683004,Jack Leiter,Texas Rangers,80.0,50,15,83,35,14
656605,Mitch Keller,Pittsburgh Pirates,115.66666666666667,73,22,89,42,15
682227,Brandon Williamson,Cincinnati Reds,52.666666666666664,34,9,36,30,9
689441,Coleman Crow,Milwaukee Brewers,18.666666666666668,13,4,10,6,2
621053,Tyler Ferguson,Chicago Cubs,18.666666666666668,11,0,21,4,6
675911,Spencer Strider,Atlanta Braves,39.0,24,8,46,20,9
656234,Jake Bird,Washington Nationals,38.666666666666664,23,0,41,13,6
676755,Isaac Mattson,Pittsburgh Pirates,38.666666666666664,23,0,36,18,3
806188,Cade Gibson,Miami Marlins,50.333333333333336,35,1,44,21,4
608372,Tomoyuki Sugano,Colorado Rockies,154.33333333333334,95,29,96,36,33
675989,Cody Bolton,Houston Astros,20.0,12,3,22,14,3
686560,Gavin Collyer,Texas Rangers,25.0,16,0,23,19,2
680728,Adrian Del Castillo,Arizona Diamondbacks,1.6666666666666665,1,0,0,0,0
663372,Ryan Feltner,Colorado Rockies,123.33333333333333,82,22,92,53,20
689690,Alek Jacob,San Diego Padres,5.0,3,0,6,2,1
664238,Dylan Moore,Philadelphia Phillies,1.6666666666666665,1,0,0,1,0
691725,Andrew Painter,Philadelphia Phillies,126.66666666666667,76,23,115,47,21
683175,Connor Phillips,Cincinnati Reds,30.0,19,0,29,31,3
695684,Elmer Rodríguez,New York Yankees,26.666666666666668,16,6,21,16,2
702281,Robby Snelling,Miami Marlins,5.0,3,1,2,4,1
676702,Hunter Stratton,Pittsburgh Pirates,3.3333333333333335,2,0,3,0,0
669310,CJ Van Eyk,Toronto Blue Jays,11.666666666666666,8,1,3,2,2
669145,Bruce Zimmermann,St. Louis Cardinals,5.0,3,0,2,1,0
500779,Jose Quintana,Colorado Rockies,48.0,32,11,25,20,10
695611,Gage Jump,Athletics,98.66666666666667,62,20,108,46,12
682052,Jacob Lopez,Athletics,123.33333333333333,78,24,112,58,23
675540,Xzavion Curry,New York Mets,21.333333333333332,13,1,15,9,7
663623,Jake Irvin,Washington Nationals,106.66666666666667,70,20,110,48,20
571927,Steven Matz,Tampa Bay Rays,80.33333333333333,50,11,61,25,15
687849,Zak Kent,Washington Nationals,16.333333333333332,13,0,12,8,3
571578,Patrick Corbin,Toronto Blue Jays,80.0,50,15,63,25,12
685126,Brandon Eisert,Pittsburgh Pirates,44.0,28,4,49,14,6
679883,Luinder Avila,Kansas City Royals,70.0,43,12,61,42,7
668964,Tobias Myers,New York Mets,53.666666666666664,36,3,41,16,9
681751,Lazaro Estrada,Toronto Blue Jays,13.0,9,0,9,10,2
687134,Bradley Blalock,Miami Marlins,11.333333333333334,7,0,12,4,4
642701,Dennis Santana,Arizona Diamondbacks,56.666666666666664,38,0,49,25,10
621074,Michael Rucker,Seattle Mariners,43.666666666666664,31,0,50,17,6
687075,Brandon Sproat,Milwaukee Brewers,97.0,61,19,101,52,17
702273,Noah Schultz,Chicago White Sox,74.33333333333333,47,14,67,31,11
689818,David Sandlin,Chicago White Sox,40.333333333333336,28,6,40,13,7
668674,Lucas Erceg,Kansas City Royals,48.333333333333336,35,0,34,32,5
519141,Drew Pomeranz,Chicago Cubs,29.0,19,0,17,16,7
657424,Matt Gage,San Francisco Giants,27.333333333333332,18,0,22,17,6
680723,Drew Rom,Athletics,17.666666666666668,11,0,17,7,1
605447,Jordan Romano,Colorado Rockies,33.666666666666664,22,0,39,19,4
668390,Cole Winn,Texas Rangers,48.0,32,1,49,16,7
592791,Jameson Taillon,Toronto Blue Jays,86.0,55,18,76,32,27
679358,Eric Orze,Minnesota Twins,41.333333333333336,27,0,36,21,1
676604,Tyler Zuber,Miami Marlins,39.666666666666664,27,0,42,11,10
669211,Keegan Akin,Baltimore Orioles,25.333333333333332,18,2,17,9,3
656288,Griffin Canning,San Diego Padres,88.66666666666667,57,11,87,41,14
642546,Jonathan Hernández,Los Angeles Dodgers,25.333333333333332,16,0,22,13,4
670090,Wyatt Mills,Los Angeles Dodgers,6.333333333333333,5,0,5,9,0
623474,Jimmy Herget,Colorado Rockies,53.666666666666664,37,3,47,26,10
667652,Jack Ralston,Miami Marlins,17.333333333333332,11,1,19,9,5
703615,Jose Cabrera,Arizona Diamondbacks,28.333333333333332,18,5,20,11,6
670183,Garrett Acton,Minnesota Twins,11.0,10,0,14,6,1
695076,Rhett Lowder,Cincinnati Reds,133.33333333333334,88,26,103,56,18
453286,Max Scherzer,Toronto Blue Jays,84.66666666666667,54,18,68,35,15
657265,Peter Strzelecki,St. Louis Cardinals,14.0,9,0,8,6,1
693308,Nick Frasso,Colorado Rockies,21.666666666666668,15,0,22,7,3
571945,Miles Mikolas,Washington Nationals,116.0,80,11,58,23,27
663903,Brady Singer,Cincinnati Reds,157.0,107,31,126,62,32
622491,Luis Castillo,Chicago White Sox,130.66666666666666,95,23,112,44,25
621237,José Alvarado,Philadelphia Phillies,58.333333333333336,40,0,70,31,5
802408,Brycen Mautz,St. Louis Cardinals,15.333333333333334,10,1,19,11,2
694646,Chayce McDermott,New York Mets,7.666666666666667,5,0,6,4,2
660761,José Suarez,Athletics,61.333333333333336,43,2,61,27,6
686751,Seth Johnson,Athletics,33.666666666666664,24,1,40,20,5
660604,Alan Rangel,Philadelphia Phillies,26.0,17,3,29,13,4
678020,Seth Halvorsen,Los Angeles Dodgers,29.0,19,0,23,17,6
688642,Zach Agnos,Colorado Rockies,91.0,64,3,58,35,10
476594,Robert Stock,New York Mets,30.333333333333332,21,7,29,15,2
671106,Logan Allen,Cleveland Guardians,16.666666666666668,14,2,16,6,3
471911,Carlos Carrasco,Atlanta Braves,16.666666666666668,11,0,7,3,3
800600,Jackson Kent,Washington Nationals,36.333333333333336,25,7,30,25,2
669438,Mason Englert,Tampa Bay Rays,39.333333333333336,27,4,38,9,13
665795,Edward Cabrera,Chicago Cubs,80.0,58,15,71,36,16
681347,Mike Burrows,Houston Astros,94.66666666666667,69,17,75,35,21
687924,Julian Aguiar,Cincinnati Reds,3.0,2,0,2,1,0
672578,Carlos Hernández,Cleveland Guardians,3.0,2,0,4,1,1
608348,Carson Kelly,Chicago Cubs,3.0,2,0,0,0,2
702566,Owen Murphy,Atlanta Braves,12.0,10,1,9,3,4
623381,Thomas Pannone,Milwaukee Brewers,3.0,3,1,2,2,1
686678,Chase Solesky,Tampa Bay Rays,3.0,2,0,4,1,1
656986,Bennett Sousa,Houston Astros,30.0,22,1,32,18,5
680570,Grayson Rodriguez,Los Angeles Angels,98.66666666666667,71,20,85,43,16
668678,Zac Gallen,Arizona Diamondbacks,105.33333333333333,78,20,64,35,19
669620,Brady Basso,Athletics,43.0,30,7,31,10,4
676684,Will Vest,Detroit Tigers,26.666666666666668,22,0,27,10,2
695239,Robby Ahlstrom,Texas Rangers,37.0,26,0,34,15,7
676760,Ron Marinaccio,Cincinnati Reds,57.666666666666664,39,0,48,27,11
678022,Jack Perkins,Athletics,121.0,89,17,140,51,23
686993,Justin Sterner,Athletics,42.666666666666664,31,0,40,13,11
694346,Trey Gibson,Baltimore Orioles,39.666666666666664,27,8,37,27,7
664208,Phil Maton,Chicago Cubs,27.666666666666668,19,0,31,16,5
605488,Jeffrey Springs,Athletics,142.66666666666666,105,29,112,57,35
686799,Jack Kochanowicz,Los Angeles Angels,64.0,47,13,47,36,7
621383,Tanner Banks,Philadelphia Phillies,36.333333333333336,29,1,38,15,8
595978,Austin Hedges,Cleveland Guardians,4.333333333333333,3,0,1,0,0
682825,Luis Mey,Cincinnati Reds,34.666666666666664,26,0,50,22,3
674370,Osvaldo Bido,Chicago White Sox,18.666666666666668,13,0,11,10,3
673929,Jordan Leasure,Chicago White Sox,18.666666666666668,14,1,18,8,6
676979,Garrett Crochet,Boston Red Sox,30.0,23,6,37,11,5
676661,Max Lazar,Philadelphia Phillies,10.0,7,0,8,3,3
700842,Eduardo Rivera,Boston Red Sox,10.0,7,3,10,6,1
664126,Pete Fairbanks,Miami Marlins,41.333333333333336,32,1,57,21,8
684049,Brandan Bidois,Pittsburgh Pirates,15.666666666666666,16,0,20,12,5
687312,Gabriel Hughes,Colorado Rockies,64.0,46,13,56,24,7
663893,Brendon Little,Toronto Blue Jays,28.333333333333332,23,0,44,25,5
672582,Angel Zerpa,Milwaukee Brewers,12.666666666666666,11,0,8,6,2
687606,Paxton Schultz,Washington Nationals,32.333333333333336,26,1,32,12,5
663574,Tony Santillan,Cincinnati Reds,40.666666666666664,31,0,36,28,11
605130,Scott Barlow,Athletics,33.333333333333336,26,0,29,19,7
687931,Carson Whisenhunt,San Francisco Giants,34.666666666666664,26,8,26,21,5
695445,Chase Lee,Toronto Blue Jays,9.666666666666666,8,0,5,8,3
684442,Kohl Drake,Arizona Diamondbacks,20.666666666666668,15,5,17,7,5
663362,Matt Waldron,Washington Nationals,42.666666666666664,31,4,33,11,7
621121,Lance McCullers Jr.,Milwaukee Brewers,44.0,37,8,48,27,7
681402,Gus Varland,Washington Nationals,33.0,26,0,32,15,7
688297,Chris Roycroft,Athletics,38.333333333333336,29,0,29,21,10
680730,Mitchell Parker,Washington Nationals,39.666666666666664,31,0,34,13,9
700363,AJ Smith-Shawver,Atlanta Braves,31.333333333333332,23,5,27,16,7
607536,Kyle Freeland,Colorado Rockies,135.33333333333334,104,26,108,29,29
671111,Sammy Peralta,Los Angeles Angels,23.0,18,1,23,9,4
680573,Simeon Woods Richardson,Toronto Blue Jays,66.0,54,10,40,37,11
669854,Ronel Blanco,Houston Astros,33.666666666666664,25,5,29,16,9
685299,Tanner Gordon,Colorado Rockies,103.66666666666667,79,12,85,24,21
646242,Jhonathan Díaz,Seattle Mariners,1.3333333333333333,1,0,1,0,1
640451,Hunter Harvey,Chicago Cubs,4.0,3,0,4,1,2
656638,Alex Lange,Kansas City Royals,60.0,47,0,60,33,13
684665,Luke Murphy,Los Angeles Angels,20.0,17,0,20,11,2
686610,Ken Waldichuk,Washington Nationals,9.333333333333334,7,0,8,6,4
663978,Chris Paddack,Texas Rangers,57.0,44,9,40,19,9
668881,Hunter Greene,Cincinnati Reds,27.666666666666668,22,5,33,9,4
656212,Charlie Barnes,Los Angeles Dodgers,13.0,11,0,6,7,3
623437,Justin Topa,New York Yankees,22.0,19,0,15,12,4
685801,Hunter Bigge,Tampa Bay Rays,19.333333333333332,17,0,14,14,1
434378,Justin Verlander,Detroit Tigers,9.0,7,2,7,3,3
671162,Connor Thomas,Kansas City Royals,25.666666666666668,20,0,18,9,4
686930,Mason Barnett,Athletics,50.0,40,6,50,30,14
691769,Philip Abner,San Francisco Giants,19.0,17,0,10,11,6
808825,Andrew Sears,Detroit Tigers,19.0,21,3,15,8,3
668834,Easton McGee,Kansas City Royals,11.333333333333334,9,0,9,5,3
676254,Ryan Walker,San Francisco Giants,32.666666666666664,27,0,23,19,5
547179,Michael Lorenzen,Toronto Blue Jays,127.33333333333333,113,25,90,54,23
694335,Matt Svanson,St. Louis Cardinals,43.333333333333336,39,1,41,21,5
621381,Matt Strahm,Kansas City Royals,35.666666666666664,29,0,30,14,12
673540,Kodai Senga,New York Mets,61.333333333333336,51,8,75,41,14
664875,Justin Lawrence,Washington Nationals,34.333333333333336,35,0,43,28,9
675919,Nick Raquet,Baltimore Orioles,3.6666666666666665,3,0,1,2,1
605335,Brandon Leibrandt,Cincinnati Reds,6.0,5,0,3,3,2
686730,Carson Spiers,Cincinnati Reds,6.0,5,0,6,0,4
678368,Valente Bellozo,Colorado Rockies,10.666666666666666,10,0,8,7,5
680802,Ryan Weiss,Houston Astros,26.0,24,2,30,20,8
682995,Hunter Barco,Pittsburgh Pirates,17.666666666666668,17,0,14,13,4
641312,Shaun Anderson,Los Angeles Angels,20.0,19,0,17,10,4
676680,Tom Cosgrove,Washington Nationals,16.333333333333332,16,0,14,6,3
666129,Braxton Garrett,Chicago Cubs,9.333333333333334,8,2,7,11,0
641656,Ian Hamilton,Atlanta Braves,4.666666666666667,4,0,4,3,0
694851,Andrew Hoffmann,Arizona Diamondbacks,11.666666666666666,12,0,12,8,3
675920,Seth Lonsway,San Francisco Giants,2.3333333333333335,3,0,2,0,0
687223,Carson Palmquist,Washington Nationals,16.333333333333332,14,6,15,8,1
684320,Yariel Rodríguez,Toronto Blue Jays,9.333333333333334,11,0,6,7,2
620443,Luis Torrens,New York Mets,2.3333333333333335,2,0,0,0,2
663765,Jake Woodford,Tampa Bay Rays,27.666666666666668,24,0,25,8,5
669203,Corbin Burnes,Arizona Diamondbacks,10.333333333333334,9,3,8,4,5
701474,Duncan Davitt,San Francisco Giants,8.0,8,0,5,4,3
669371,Cole Henry,Washington Nationals,13.666666666666666,14,0,15,7,4
688497,Taylor Rashi,Athletics,5.666666666666667,5,0,5,3,1
592454,Tommy Kahnle,Boston Red Sox,9.0,8,0,5,6,2
664849,Danny Young,Atlanta Braves,12.333333333333334,11,1,15,13,3
641585,J.P. France,Houston Astros,6.666666666666667,6,0,4,5,1
606303,Joel Payamps,Atlanta Braves,7.666666666666667,9,0,9,4,2
669298,TJ Shook,Colorado Rockies,7.666666666666667,7,0,7,2,3
663485,Cole Sands,Minnesota Twins,12.0,11,0,11,5,3
624522,Keegan Thompson,Colorado Rockies,12.0,11,0,11,2,1
687209,Zach Maxwell,Cincinnati Reds,13.0,12,0,12,10,3
694462,Hurston Waldrep,Atlanta Braves,10.666666666666666,10,2,9,10,3
690440,Bradley Hanner,New York Yankees,7.333333333333333,7,0,7,1,4
693312,Kyle Nicolas,Cincinnati Reds,7.333333333333333,7,0,7,13,1
621242,Edwin Díaz,Los Angeles Dodgers,18.666666666666668,18,0,28,11,3
682274,Yaramil Hiraldo,Baltimore Orioles,9.333333333333334,9,0,13,10,2
676467,Colton Gordon,Milwaukee Brewers,14.333333333333334,15,1,12,4,6
807743,Sean Sullivan,Colorado Rockies,22.333333333333332,22,5,16,11,5
606115,Orlando Arcia,Minnesota Twins,1.0,1,0,0,2,0
686628,Blake Burkhalter,Atlanta Braves,1.0,1,0,1,1,0
686563,Jonathan Cannon,Chicago White Sox,3.0,3,0,4,5,0
671382,Cameron Foster,Baltimore Orioles,9.0,10,0,9,8,1
472610,Luis García,Minnesota Twins,15.0,16,0,6,6,2
808970,Woo-Suk Go,Minnesota Twins,4.0,4,0,5,2,2
656557,Tanner Houck,Boston Red Sox,3.0,3,1,1,0,2
608344,Cole Irvin,Los Angeles Dodgers,6.0,6,0,5,3,1
696522,Hayden Juenger,Athletics,16.0,16,0,6,8,0
663884,Nolan Kingham,Texas Rangers,1.0,1,0,1,2,0
657649,Jared Koenig,Milwaukee Brewers,7.0,9,0,7,7,1
681432,Luke Little,Chicago Cubs,1.0,1,0,1,0,1
670032,Nicky Lopez,Texas Rangers,1.0,1,0,1,0,0
455119,Chris Martin,Texas Rangers,14.0,15,0,9,2,4
661527,Seth Martinez,Boston Red Sox,1.0,1,0,1,0,0
687287,Patrick Monteverde,Miami Marlins,4.0,4,0,2,1,1
663967,César Salazar,Houston Astros,1.0,1,0,0,0,1
692437,Winston Santos,Texas Rangers,2.0,2,0,1,1,1
694363,Jared Shuster,St. Louis Cardinals,9.0,10,0,4,6,1
700187,Troy Taylor,Seattle Mariners,3.0,3,0,2,2,1
677588,José Tena,Washington Nationals,1.0,1,0,0,1,0
592836,Taijuan Walker,Philadelphia Phillies,22.666666666666668,25,4,17,11,8
605452,Joe Ross,Texas Rangers,11.666666666666666,13,0,7,6,3
669920,Jason Alexander,Houston Astros,18.333333333333332,19,2,14,8,4
668820,Max Kranick,Washington Nationals,18.333333333333332,19,0,11,13,4
681151,Jayden Murray,Chicago Cubs,16.333333333333332,17,0,14,9,3
702352,Spencer Bivens,Kansas City Royals,7.666666666666667,10,0,12,6,1
681168,Luis Curvelo,Texas Rangers,10.333333333333334,12,0,6,7,4
676508,Ben Casparius,Los Angeles Dodgers,4.666666666666667,5,0,4,4,1
701552,Andre Granillo,Washington Nationals,9.333333333333334,12,0,3,8,2
596117,Garrett Stubbs,Philadelphia Phillies,4.666666666666667,5,0,0,1,1
666201,Alek Manoah,Los Angeles Angels,7.333333333333333,9,0,5,8,1
670912,Johan Oviedo,Boston Red Sox,3.6666666666666665,4,0,3,1,2
681006,Josh Simpson,Seattle Mariners,7.333333333333333,8,0,10,4,4
608723,Austin Voth,Minnesota Twins,10.0,12,0,3,6,3
694341,Brendan Beck,New York Yankees,12.666666666666666,14,2,13,8,6
672021,Eric Cerantola,Kansas City Royals,5.333333333333333,6,0,7,10,2
623168,Tyler Heineman,Los Angeles Angels,5.333333333333333,6,0,0,1,2
607481,Aaron Bummer,Kansas City Royals,16.666666666666668,21,0,13,11,7
687792,DJ Herz,Washington Nationals,7.0,8,2,6,3,3
663465,Kolby Allard,Cleveland Guardians,8.666666666666666,10,0,9,3,2
605154,John Brebbia,Colorado Rockies,4.333333333333333,5,0,2,0,2
663559,Bailey Falter,Atlanta Braves,13.0,15,2,8,6,4
688692,Jared Simpson,Washington Nationals,4.333333333333333,5,1,4,7,0
696136,Jordan Wicks,Chicago Cubs,10.333333333333334,12,2,8,2,1
666126,Carlos Cortes,Athletics,9.333333333333334,12,0,1,8,4
640454,Matt Krook,Washington Nationals,8.333333333333334,11,0,9,10,2
656686,Corbin Martin,Chicago Cubs,5.0,6,0,4,5,2
699151,Jedixson Paez,Boston Red Sox,11.666666666666666,14,1,8,5,4
681343,Shane Smith,Chicago White Sox,8.333333333333334,12,3,11,9,1
693713,Emiliano Teodo,Texas Rangers,1.6666666666666665,2,0,1,2,0
695034,Kade Morris,Athletics,17.333333333333332,21,2,10,7,5
683155,Joey Estes,Athletics,7.333333333333333,9,1,5,2,4
669169,Jonathan Heasley,Tampa Bay Rays,4.0,5,0,2,0,2
543510,James McCann,Arizona Diamondbacks,4.0,6,0,0,3,1
680704,Nick Sandlin,Los Angeles Angels,8.666666666666666,11,0,6,5,2
691384,Luis Perales,Washington Nationals,11.0,14,0,13,13,5
606965,Chris Devenski,New York Mets,7.666666666666667,10,0,5,1,3
676596,Josh Fleming,Toronto Blue Jays,3.0,4,0,1,2,1
656457,Tyler Gilbert,Chicago White Sox,6.0,8,1,4,4,2
679922,Carlos Duran,Kansas City Royals,1.3333333333333333,2,0,1,3,0
656577,Alex Jackson,Minnesota Twins,2.0,3,0,0,1,2
683766,Christian Koss,San Francisco Giants,2.0,3,0,0,0,0
664192,Joey Lucchesi,Los Angeles Angels,3.3333333333333335,6,0,4,6,1
806960,Luis Morales,Athletics,16.0,26,2,13,14,7
691548,Rolddy Muñoz,Atlanta Braves,2.0,3,0,3,1,1
680689,Lyon Richardson,Milwaukee Brewers,3.3333333333333335,5,1,4,3,2
500743,Miguel Rojas,Los Angeles Dodgers,4.0,6,0,0,1,2
691594,Javier Sanoja,Miami Marlins,4.666666666666667,7,0,1,1,2
678391,Jorbit Vivas,Washington Nationals,4.0,7,0,0,1,1
681806,Andrew Wantz,Chicago Cubs,3.6666666666666665,6,0,1,3,1
624431,Jose Trevino,Cincinnati Reds,9.0,15,0,3,1,3
642152,Lou Trivino III,Philadelphia Phillies,6.0,10,0,7,7,1
676568,Ricky Vanasco,Detroit Tigers,6.333333333333333,12,0,4,6,2
682610,Roddery Muñoz,Houston Astros,4.0,7,0,6,6,3
642585,Félix Bautista,Baltimore Orioles,1.6666666666666665,3,0,3,1,1
547184,Michael Kelly,Athletics,5.0,9,0,6,6,1
814305,Yunior Tur,Athletics,12.666666666666666,27,0,14,11,6
700270,Yilber Díaz,Detroit Tigers,6.0,11,0,6,5,2
664062,Tony Gonsolin,Kansas City Royals,2.6666666666666665,5,0,5,3,1
529017,Alexander Cornielle,New York Yankees,1.0,2,0,2,1,1
624428,Adam Frazier,Los Angeles Angels,2.0,4,0,0,2,1
656716,Zach McKinstry,Detroit Tigers,2.0,4,0,0,5,1
644433,Chadwick Tromp,Baltimore Orioles,1.0,2,0,0,1,1
664774,LaMonte Wade Jr.,Houston Astros,1.0,2,0,0,0,1
642215,Weston Wilson,Seattle Mariners,3.3333333333333335,7,0,0,0,2
692030,Jose Corniell,Texas Rangers,4.333333333333333,10,0,4,4,2
543309,Kyle Higashioka,Texas Rangers,3.0,7,0,0,1,1
687765,Mitch Spence,Kansas City Royals,9.333333333333334,22,1,6,9,3
676130,José Buttó,San Francisco Giants,2.0,5,0,5,4,2
678576,Wilkin Ramos,San Francisco Giants,2.0,5,0,1,4,0
686894,Joey Wiemer,Washington Nationals,2.0,5,0,0,2,1
686475,Tyler Tolbert,Kansas City Royals,4.666666666666667,13,0,0,3,4
660710,Rodolfo Durán,San Diego Padres,3.0,9,0,0,1,2
686747,Joe La Sorsa,Boston Red Sox,0.3333333333333333,1,0,1,0,1
701780,Tanner McDougal,Chicago White Sox,0.3333333333333333,1,0,0,3,0
684516,Hancel Rincon,St. Louis Cardinals,2.3333333333333335,7,0,3,1,1
645302,Victor Robles,Seattle Mariners,1.0,3,0,0,1,0
683734,Andrew Vaughn,Milwaukee Brewers,3.0,10,0,1,5,4
676910,Matt Seelinger,New York Mets,2.0,7,0,2,4,1
641386,Ben Bowden,Athletics,1.0,4,0,0,2,0
671083,Buddy Kennedy,San Francisco Giants,1.0,4,0,0,2,0
687060,Blake Adams,Colorado Rockies,1.0,5,0,0,2,1
671131,Jackson Rutledge,Washington Nationals,1.3333333333333333,7,0,2,2,0
640902,Jhonny Pereda,Seattle Mariners,0.3333333333333333,2,0,0,0,1
660844,Leo Rivas,Seattle Mariners,1.0,9,0,0,1,1
655316,Andruw Monasterio,Boston Red Sox,0.6666666666666666,5,0,0,3,2
687985,Josh White,Miami Marlins,0.6666666666666666,5,0,1,4,1
605156,Aaron Brooks,Tampa Bay Rays,0.3333333333333333,4,0,0,2,1
628708,Yunior Marte,Cincinnati Reds,0.3333333333333333,4,0,1,1,0
608032,Carlos Estévez,Kansas City Royals,0.3333333333333333,6,0,0,2,1
