date,match_num,home,away,market,selection,line,model_p,odds,close_odds,hg,ag,played
2026-06-24,50,Czech Republic,Mexico,1X2,home,,0.15882,3.55,3.7,,,0
2026-06-24,50,Czech Republic,Mexico,1X2,away,,0.5781,2.04,1.98,,,0
2026-06-24,50,Czech Republic,Mexico,1X2,draw,,0.26309,4.0,4.04,,,0
2026-06-24,50,Czech Republic,Mexico,OU,over,2.5,0.40408,2.22,1.96,,,0
2026-06-24,50,Czech Republic,Mexico,OU,under,2.5,0.59592,1.71,1.91,,,0
2026-06-24,50,Czech Republic,Mexico,AH,home,0.5,0.4219,1.77,1.87,,,0
2026-06-24,50,Czech Republic,Mexico,AH,away,0.5,0.5781,2.02,1.94,,,0
2026-06-24,53,South Africa,South Korea,1X2,home,,0.15854,5.85,5.7,,,0
2026-06-24,53,South Africa,South Korea,1X2,away,,0.57037,1.64,1.69,,,0
2026-06-24,53,South Africa,South Korea,1X2,draw,,0.2711,3.95,3.9,,,0
2026-06-24,53,South Africa,South Korea,OU,over,2.5,0.3791,2.02,2.05,,,0
2026-06-24,53,South Africa,South Korea,OU,under,2.5,0.6209,1.8,1.83,,,0
2026-06-24,53,South Africa,South Korea,AH,home,0.5,0.42963,2.33,2.23,,,0
2026-06-24,53,South Africa,South Korea,AH,away,0.5,0.57037,1.62,1.67,,,0
2026-06-24,54,Switzerland,Canada,1X2,away,,0.30702,3.3,3.45,,,0
2026-06-24,54,Switzerland,Canada,1X2,home,,0.39414,2.5,2.4,,,0
2026-06-24,54,Switzerland,Canada,1X2,draw,,0.29884,3.05,3.17,,,0
2026-06-24,54,Switzerland,Canada,OU,over,2.5,0.40039,2.12,2.11,,,0
2026-06-24,54,Switzerland,Canada,OU,under,2.5,0.59961,1.73,1.78,,,0
2026-06-24,54,Switzerland,Canada,AH,away,-0.0,0.45644,2.24,2.32,,,0
2026-06-24,54,Switzerland,Canada,AH,home,-0.0,0.54356,1.7,1.65,,,0
2026-06-24,49,Bosnia and Herzegovina,Qatar,1X2,home,,0.57661,1.47,1.42,,,0
2026-06-24,49,Bosnia and Herzegovina,Qatar,1X2,away,,0.17683,7.25,7.55,,,0
2026-06-24,49,Bosnia and Herzegovina,Qatar,1X2,draw,,0.24656,4.75,5.35,,,0
2026-06-24,49,Bosnia and Herzegovina,Qatar,OU,over,3.0,0.26794,2.08,1.94,,,0
2026-06-24,49,Bosnia and Herzegovina,Qatar,OU,under,3.0,0.5139,1.76,1.92,,,0
2026-06-24,49,Bosnia and Herzegovina,Qatar,AH,home,-1.5,0.33056,2.19,2.07,,,0
2026-06-24,49,Bosnia and Herzegovina,Qatar,AH,away,-1.5,0.66944,1.73,1.81,,,0
2026-06-24,52,Scotland,Brazil,1X2,away,,0.60656,1.36,1.33,,,0
2026-06-24,52,Scotland,Brazil,1X2,home,,0.16056,7.0,9.5,,,0
2026-06-24,52,Scotland,Brazil,1X2,draw,,0.23288,5.1,5.6,,,0
2026-06-24,52,Scotland,Brazil,OU,over,2.5,0.51276,1.73,1.71,,,0
2026-06-24,52,Scotland,Brazil,OU,under,2.5,0.48724,1.96,1.97,,,0
2026-06-24,52,Scotland,Brazil,AH,away,1.5,0.36237,2.13,1.99,,,0
2026-06-24,52,Scotland,Brazil,AH,home,1.5,0.63763,1.69,1.8,,,0
2026-06-24,51,Morocco,Haiti,1X2,away,,0.05336,17.0,17.0,,,0
2026-06-24,51,Morocco,Haiti,1X2,home,,0.77215,1.16,1.16,,,0
2026-06-24,51,Morocco,Haiti,1X2,draw,,0.17448,7.5,7.5,,,0
2026-06-24,51,Morocco,Haiti,OU,over,3.0,0.24078,1.94,1.83,,,0
2026-06-24,51,Morocco,Haiti,OU,under,3.0,0.54578,1.87,2.04,,,0
2026-06-24,51,Morocco,Haiti,AH,away,-2.5,0.71752,1.59,1.59,,,0
2026-06-24,51,Morocco,Haiti,AH,home,-2.5,0.28248,2.38,2.37,,,0
2026-06-25,60,Turkey,United States,1X2,home,,0.39094,2.8,3.25,,,0
2026-06-25,60,Turkey,United States,1X2,away,,0.34788,2.05,1.88,,,0
2026-06-25,60,Turkey,United States,1X2,draw,,0.26117,4.2,4.1,,,0
2026-06-25,60,Turkey,United States,OU,over,2.5,0.5536,1.73,1.73,,,0
2026-06-25,60,Turkey,United States,OU,under,2.5,0.4464,2.08,2.15,,,0
2026-06-25,60,Turkey,United States,AH,home,0.5,0.65212,1.7,1.87,,,0
2026-06-25,60,Turkey,United States,AH,away,0.5,0.34788,2.16,1.94,,,0
2026-06-25,58,Paraguay,Australia,1X2,away,,0.36554,3.95,3.75,,,0
2026-06-25,58,Paraguay,Australia,1X2,home,,0.28459,2.85,2.85,,,0
2026-06-25,58,Paraguay,Australia,1X2,draw,,0.34987,2.15,2.2,,,0
2026-06-25,58,Paraguay,Australia,OU,over,1.5,0.52709,1.6,1.66,,,0
2026-06-25,58,Paraguay,Australia,OU,under,1.5,0.47291,2.3,2.2,,,0
2026-06-25,58,Paraguay,Australia,AH,away,-0.5,0.71541,1.5,1.45,,,0
2026-06-25,58,Paraguay,Australia,AH,home,-0.5,0.28459,2.62,2.79,,,0
2026-06-20,34,Germany,Ivory Coast,1X2,home,,0.44471,1.43,2.6,2.0,1.0,1
2026-06-20,34,Germany,Ivory Coast,1X2,away,,0.27091,7.0,2.55,2.0,1.0,1
2026-06-20,34,Germany,Ivory Coast,1X2,draw,,0.28438,5.0,3.35,2.0,1.0,1
2026-06-20,34,Germany,Ivory Coast,OU,over,3.5,0.22645,2.23,2.4,2.0,1.0,1
2026-06-20,34,Germany,Ivory Coast,OU,under,3.5,0.77355,1.56,1.49,2.0,1.0,1
2026-06-20,34,Germany,Ivory Coast,AH,home,-1.5,0.21634,2.24,2.24,2.0,1.0,1
2026-06-20,34,Germany,Ivory Coast,AH,away,-1.5,0.78366,1.65,1.65,2.0,1.0,1
2026-06-20,33,Ecuador,Curaçao,1X2,away,,0.02856,18.0,15.0,0.0,0.0,1
2026-06-20,33,Ecuador,Curaçao,1X2,home,,0.84785,1.12,1.16,0.0,0.0,1
2026-06-20,33,Ecuador,Curaçao,1X2,draw,,0.12359,10.0,8.5,0.0,0.0,1
2026-06-20,33,Ecuador,Curaçao,OU,over,3.5,0.30673,2.28,2.28,0.0,0.0,1
2026-06-20,33,Ecuador,Curaçao,OU,under,3.5,0.69327,1.54,1.54,0.0,0.0,1
2026-06-20,33,Ecuador,Curaçao,AH,away,-2.5,0.60989,1.69,1.64,0.0,0.0,1
2026-06-20,33,Ecuador,Curaçao,AH,home,-2.5,0.39011,2.18,2.26,0.0,0.0,1
2026-06-25,55,Curaçao,Ivory Coast,1X2,home,,0.06477,22.5,19.0,,,0
2026-06-25,55,Curaçao,Ivory Coast,1X2,away,,0.76613,1.15,1.18,,,0
2026-06-25,55,Curaçao,Ivory Coast,1X2,draw,,0.1691,8.5,8.2,,,0
2026-06-25,55,Curaçao,Ivory Coast,OU,over,3.0,0.29714,1.74,1.8,,,0
2026-06-25,55,Curaçao,Ivory Coast,OU,under,3.0,0.48126,2.1,2.09,,,0
2026-06-25,55,Curaçao,Ivory Coast,AH,home,2.5,0.70254,1.72,1.67,,,0
2026-06-25,55,Curaçao,Ivory Coast,AH,away,2.5,0.29746,2.09,2.23,,,0
2026-06-25,56,Ecuador,Germany,1X2,home,,0.41757,4.1,3.55,,,0
2026-06-25,56,Ecuador,Germany,1X2,away,,0.26208,1.54,1.82,,,0
2026-06-25,56,Ecuador,Germany,1X2,draw,,0.32035,3.35,4.0,,,0
2026-06-25,56,Ecuador,Germany,OU,over,2.5,0.32044,1.87,1.76,,,0
2026-06-25,56,Ecuador,Germany,OU,under,2.5,0.67956,1.94,2.14,,,0
2026-06-25,56,Ecuador,Germany,AH,home,0.5,0.73792,2.13,1.93,,,0
2026-06-25,56,Ecuador,Germany,AH,away,0.5,0.26208,1.69,1.88,,,0
2026-06-20,35,Netherlands,Sweden,1X2,away,,0.182,100.0,100.0,5.0,1.0,1
2026-06-20,35,Netherlands,Sweden,1X2,draw,,0.20987,100.0,100.0,5.0,1.0,1
2026-06-20,35,Netherlands,Sweden,OU,over,6.5,0.05178,3.65,3.65,5.0,1.0,1
2026-06-20,35,Netherlands,Sweden,OU,under,6.5,0.94822,1.21,1.21,5.0,1.0,1
2026-06-20,35,Netherlands,Sweden,AH,home,0.0,0.71307,1.61,1.61,5.0,1.0,1
2026-06-20,35,Netherlands,Sweden,AH,away,0.0,0.28693,2.41,2.41,5.0,1.0,1
2026-06-20,36,Tunisia,Japan,1X2,away,,0.72709,1.47,1.5,0.0,4.0,1
2026-06-20,36,Tunisia,Japan,1X2,home,,0.07629,8.0,8.0,0.0,4.0,1
2026-06-20,36,Tunisia,Japan,1X2,draw,,0.19662,4.5,4.1,0.0,4.0,1
2026-06-20,36,Tunisia,Japan,OU,over,2.5,0.45453,1.88,2.0,0.0,4.0,1
2026-06-20,36,Tunisia,Japan,OU,under,2.5,0.54547,1.79,1.7,0.0,4.0,1
2026-06-20,36,Tunisia,Japan,AH,away,0.5,0.72709,1.54,1.54,0.0,4.0,1
2026-06-20,36,Tunisia,Japan,AH,home,0.5,0.27291,2.49,2.49,0.0,4.0,1
2026-06-25,57,Japan,Sweden,1X2,home,,0.69415,2.1,1.96,,,0
2026-06-25,57,Japan,Sweden,1X2,away,,0.11783,3.58,4.45,,,0
2026-06-25,57,Japan,Sweden,1X2,draw,,0.18803,3.53,3.47,,,0
2026-06-25,57,Japan,Sweden,OU,over,2.5,0.60755,1.97,1.79,,,0
2026-06-25,57,Japan,Sweden,OU,under,2.5,0.39245,1.87,2.1,,,0
2026-06-25,57,Japan,Sweden,AH,home,-0.5,0.69415,2.06,1.89,,,0
2026-06-25,57,Japan,Sweden,AH,away,-0.5,0.30585,1.77,1.92,,,0
2026-06-25,59,Tunisia,Netherlands,1X2,away,,0.66425,1.34,1.14,,,0
2026-06-25,59,Tunisia,Netherlands,1X2,home,,0.11544,9.84,25.0,,,0
2026-06-25,59,Tunisia,Netherlands,1X2,draw,,0.22031,5.34,9.5,,,0
2026-06-25,59,Tunisia,Netherlands,OU,over,2.5,0.47215,1.66,1.66,,,0
2026-06-25,59,Tunisia,Netherlands,OU,under,2.5,0.52785,2.24,2.24,,,0
2026-06-25,59,Tunisia,Netherlands,AH,away,1.5,0.40973,1.87,1.87,,,0
2026-06-25,59,Tunisia,Netherlands,AH,home,1.5,0.59027,1.92,1.92,,,0
2026-06-21,37,Belgium,Iran,1X2,home,,0.42875,1.43,1.43,0.0,0.0,1
2026-06-21,37,Belgium,Iran,1X2,away,,0.29668,7.68,8.25,0.0,0.0,1
2026-06-21,37,Belgium,Iran,1X2,draw,,0.27457,4.77,4.95,0.0,0.0,1
2026-06-21,37,Belgium,Iran,OU,over,2.5,0.48498,1.84,1.85,0.0,0.0,1
2026-06-21,37,Belgium,Iran,OU,under,2.5,0.51502,2.06,2.06,0.0,0.0,1
2026-06-21,37,Belgium,Iran,AH,home,-1.25,0.2113,2.02,1.98,0.0,0.0,1
2026-06-21,37,Belgium,Iran,AH,away,-1.25,0.7887,1.88,1.94,0.0,0.0,1
2026-06-21,38,New Zealand,Egypt,1X2,away,,0.44734,1.54,1.56,1.0,3.0,1
2026-06-21,38,New Zealand,Egypt,1X2,home,,0.23335,5.75,6.5,1.0,3.0,1
2026-06-21,38,New Zealand,Egypt,1X2,draw,,0.31931,4.1,4.1,1.0,3.0,1
2026-06-21,38,New Zealand,Egypt,OU,over,2.5,0.31009,2.0,2.02,1.0,3.0,1
2026-06-21,38,New Zealand,Egypt,OU,under,2.5,0.68991,1.7,1.7,1.0,3.0,1
2026-06-21,38,New Zealand,Egypt,AH,away,0.5,0.44734,1.62,1.62,1.0,3.0,1
2026-06-21,38,New Zealand,Egypt,AH,home,0.5,0.55266,2.31,2.4,1.0,3.0,1
2026-06-26,62,Egypt,Iran,1X2,home,,0.30357,2.14,2.39,,,0
2026-06-26,62,Egypt,Iran,1X2,away,,0.37206,3.82,3.63,,,0
2026-06-26,62,Egypt,Iran,1X2,draw,,0.32437,3.08,2.74,,,0
2026-06-26,62,Egypt,Iran,OU,over,2.5,0.32077,2.54,2.54,,,0
2026-06-26,62,Egypt,Iran,OU,under,2.5,0.67923,1.5,1.5,,,0
2026-06-26,62,Egypt,Iran,AH,home,-0.5,0.30357,2.04,2.44,,,0
2026-06-26,62,Egypt,Iran,AH,away,-0.5,0.69643,1.79,1.56,,,0
2026-06-26,63,New Zealand,Belgium,1X2,away,,0.60132,1.25,1.21,,,0
2026-06-26,63,New Zealand,Belgium,1X2,home,,0.16238,14.0,16.0,,,0
2026-06-26,63,New Zealand,Belgium,1X2,draw,,0.23631,6.25,7.5,,,0
2026-06-26,63,New Zealand,Belgium,OU,over,3.0,0.28256,2.02,1.89,,,0
2026-06-26,63,New Zealand,Belgium,OU,under,3.0,0.49735,1.8,1.97,,,0
2026-06-26,63,New Zealand,Belgium,AH,away,1.5,0.35573,1.7,1.59,,,0
2026-06-26,63,New Zealand,Belgium,AH,home,1.5,0.64427,2.11,2.35,,,0
2026-06-21,39,Spain,Saudi Arabia,1X2,away,,0.04984,37.0,38.0,4.0,0.0,1
2026-06-21,39,Spain,Saudi Arabia,1X2,home,,0.79997,1.11,1.11,4.0,0.0,1
2026-06-21,39,Spain,Saudi Arabia,1X2,draw,,0.15019,11.4,11.5,4.0,0.0,1
2026-06-21,39,Spain,Saudi Arabia,OU,over,3.5,0.31034,2.22,1.93,4.0,0.0,1
2026-06-21,39,Spain,Saudi Arabia,OU,under,3.5,0.68966,1.71,1.93,4.0,0.0,1
2026-06-21,39,Spain,Saudi Arabia,AH,away,-2.5,0.66378,1.89,2.09,4.0,0.0,1
2026-06-21,39,Spain,Saudi Arabia,AH,home,-2.5,0.33622,1.98,1.79,4.0,0.0,1
2026-06-21,40,Uruguay,Cape Verde,1X2,away,,0.11719,8.5,9.5,2.0,2.0,1
2026-06-21,40,Uruguay,Cape Verde,1X2,home,,0.59411,1.42,1.45,2.0,2.0,1
2026-06-21,40,Uruguay,Cape Verde,1X2,draw,,0.28869,4.25,4.35,2.0,2.0,1
2026-06-21,40,Uruguay,Cape Verde,OU,over,2.5,0.28049,2.07,2.18,2.0,2.0,1
2026-06-21,40,Uruguay,Cape Verde,OU,under,2.5,0.71951,1.66,1.6,2.0,2.0,1
2026-06-21,40,Uruguay,Cape Verde,AH,away,-1.5,0.6963,1.55,1.55,2.0,2.0,1
2026-06-21,40,Uruguay,Cape Verde,AH,home,-1.5,0.3037,2.39,2.39,2.0,2.0,1
2026-06-26,61,Cape Verde,Saudi Arabia,1X2,home,,0.30128,2.85,2.4,,,0
2026-06-26,61,Cape Verde,Saudi Arabia,1X2,away,,0.35259,2.35,2.9,,,0
2026-06-26,61,Cape Verde,Saudi Arabia,1X2,draw,,0.34613,3.6,3.4,,,0
2026-06-26,61,Cape Verde,Saudi Arabia,OU,over,2.5,0.26443,2.05,2.07,,,0
2026-06-26,61,Cape Verde,Saudi Arabia,OU,under,2.5,0.73557,1.78,1.82,,,0
2026-06-26,61,Cape Verde,Saudi Arabia,AH,home,0.5,0.64741,1.54,1.59,,,0
2026-06-26,61,Cape Verde,Saudi Arabia,AH,away,0.5,0.35259,2.44,2.44,,,0
2026-06-26,66,Uruguay,Spain,1X2,away,,0.51126,1.5,1.47,,,0
2026-06-26,66,Uruguay,Spain,1X2,home,,0.18285,6.2,7.2,,,0
2026-06-26,66,Uruguay,Spain,1X2,draw,,0.30589,4.4,4.2,,,0
2026-06-26,66,Uruguay,Spain,OU,over,2.5,0.30964,1.85,1.83,,,0
2026-06-26,66,Uruguay,Spain,OU,under,2.5,0.69036,1.96,2.05,,,0
2026-06-26,66,Uruguay,Spain,AH,away,1.5,0.2446,2.5,2.43,,,0
2026-06-26,66,Uruguay,Spain,AH,home,1.5,0.7554,1.52,1.59,,,0
2026-06-22,42,France,Iraq,1X2,home,,0.69364,1.08,1.08,3.0,0.0,1
2026-06-22,42,France,Iraq,1X2,away,,0.09161,25.0,30.0,3.0,0.0,1
2026-06-22,42,France,Iraq,1X2,draw,,0.21475,10.5,14.0,3.0,0.0,1
2026-06-22,42,France,Iraq,OU,over,3.5,0.22486,1.92,1.75,3.0,0.0,1
2026-06-22,42,France,Iraq,OU,under,3.5,0.77514,1.77,1.93,3.0,0.0,1
2026-06-22,42,France,Iraq,AH,home,-2.5,0.21297,1.79,1.72,3.0,0.0,1
2026-06-22,42,France,Iraq,AH,away,-2.5,0.78703,2.08,2.09,3.0,0.0,1
2026-06-22,44,Norway,Senegal,1X2,home,,0.56417,2.34,2.24,3.0,2.0,1
2026-06-22,44,Norway,Senegal,1X2,away,,0.19297,3.26,3.45,3.0,2.0,1
2026-06-22,44,Norway,Senegal,1X2,draw,,0.24286,3.55,3.58,3.0,2.0,1
2026-06-22,44,Norway,Senegal,OU,over,2.5,0.52214,1.97,1.9,3.0,2.0,1
2026-06-22,44,Norway,Senegal,OU,under,2.5,0.47786,1.9,1.97,3.0,2.0,1
2026-06-22,44,Norway,Senegal,AH,home,0.0,0.6856,1.67,1.6,3.0,2.0,1
2026-06-22,44,Norway,Senegal,AH,away,0.0,0.3144,2.29,2.43,3.0,2.0,1
2026-06-26,64,Norway,France,1X2,away,,0.30099,1.78,1.69,,,0
2026-06-26,64,Norway,France,1X2,home,,0.43136,4.39,4.7,,,0
2026-06-26,64,Norway,France,1X2,draw,,0.26765,3.66,4.08,,,0
2026-06-26,64,Norway,France,OU,over,2.5,0.51397,1.85,1.72,,,0
2026-06-26,64,Norway,France,OU,under,2.5,0.48603,2.0,2.2,,,0
2026-06-26,64,Norway,France,AH,away,0.5,0.30099,1.82,1.67,,,0
2026-06-26,64,Norway,France,AH,home,0.5,0.69901,2.0,2.23,,,0
2026-06-26,65,Senegal,Iraq,1X2,away,,0.15292,12.0,14.0,,,0
2026-06-26,65,Senegal,Iraq,1X2,home,,0.57058,1.32,1.25,,,0
2026-06-26,65,Senegal,Iraq,1X2,draw,,0.2765,5.25,6.55,,,0
2026-06-26,65,Senegal,Iraq,OU,over,2.5,0.35626,1.82,1.82,,,0
2026-06-26,65,Senegal,Iraq,OU,under,2.5,0.64374,2.0,2.0,,,0
2026-06-26,65,Senegal,Iraq,AH,away,-1.5,0.69902,1.88,2.2,,,0
2026-06-26,65,Senegal,Iraq,AH,home,-1.5,0.30098,1.93,1.68,,,0
2026-06-22,41,Argentina,Austria,1X2,home,,0.63796,1.56,1.47,2.0,0.0,1
2026-06-22,41,Argentina,Austria,1X2,away,,0.09888,6.0,8.0,2.0,0.0,1
2026-06-22,41,Argentina,Austria,1X2,draw,,0.26316,3.8,4.4,2.0,0.0,1
2026-06-22,41,Argentina,Austria,OU,over,2.5,0.31202,1.87,1.82,2.0,0.0,1
2026-06-22,41,Argentina,Austria,OU,under,2.5,0.68798,1.81,1.85,2.0,0.0,1
2026-06-22,41,Argentina,Austria,AH,home,-0.5,0.63796,1.59,1.55,2.0,0.0,1
2026-06-22,41,Argentina,Austria,AH,away,-0.5,0.36204,2.38,2.48,2.0,0.0,1
2026-06-22,43,Jordan,Algeria,1X2,away,,0.6602,1.61,1.55,1.0,2.0,1
2026-06-22,43,Jordan,Algeria,1X2,home,,0.13926,6.26,7.07,1.0,2.0,1
2026-06-22,43,Jordan,Algeria,1X2,draw,,0.20054,4.25,4.38,1.0,2.0,1
2026-06-22,43,Jordan,Algeria,OU,over,2.5,0.60402,1.95,1.94,1.0,2.0,1
2026-06-22,43,Jordan,Algeria,OU,under,2.5,0.39598,1.92,1.92,1.0,2.0,1
2026-06-22,43,Jordan,Algeria,AH,away,1.5,0.43081,2.66,2.51,1.0,2.0,1
2026-06-22,43,Jordan,Algeria,AH,home,1.5,0.56919,1.51,1.57,1.0,2.0,1
2026-06-27,67,Algeria,Austria,1X2,home,,0.41501,2.6,3.65,,,0
2026-06-27,67,Algeria,Austria,1X2,away,,0.29151,2.25,2.65,,,0
2026-06-27,67,Algeria,Austria,1X2,draw,,0.29348,2.8,2.3,,,0
2026-06-27,67,Algeria,Austria,OU,over,2.5,0.41402,2.12,2.12,,,0
2026-06-27,67,Algeria,Austria,OU,under,2.5,0.58598,1.73,1.73,,,0
2026-06-27,67,Algeria,Austria,AH,home,-0.5,0.41501,3.03,3.32,,,0
2026-06-27,67,Algeria,Austria,AH,away,-0.5,0.58499,1.39,1.34,,,0
2026-06-27,71,Jordan,Argentina,1X2,away,,0.84268,1.17,1.17,,,0
2026-06-27,71,Jordan,Argentina,1X2,home,,0.0345,15.0,15.0,,,0
2026-06-27,71,Jordan,Argentina,1X2,draw,,0.12281,7.5,7.5,,,0
2026-06-27,71,Jordan,Argentina,OU,over,3.0,0.34654,1.91,1.96,,,0
2026-06-27,71,Jordan,Argentina,OU,under,3.0,0.42943,1.91,1.85,,,0
2026-06-27,71,Jordan,Argentina,AH,away,1.5,0.63514,1.65,1.65,,,0
2026-06-27,71,Jordan,Argentina,AH,home,1.5,0.36486,2.24,2.26,,,0
2026-06-23,48,Portugal,Uzbekistan,1X2,home,,0.55403,1.17,1.13,5.0,0.0,1
2026-06-23,48,Portugal,Uzbekistan,1X2,away,,0.17539,13.5,17.0,5.0,0.0,1
2026-06-23,48,Portugal,Uzbekistan,1X2,draw,,0.27059,7.25,9.5,5.0,0.0,1
2026-06-23,48,Portugal,Uzbekistan,OU,over,2.5,0.40169,1.6,1.6,5.0,0.0,1
2026-06-23,48,Portugal,Uzbekistan,OU,under,2.5,0.59831,2.42,2.42,5.0,0.0,1
2026-06-23,48,Portugal,Uzbekistan,AH,home,-1.5,0.29601,1.65,1.64,5.0,0.0,1
2026-06-23,48,Portugal,Uzbekistan,AH,away,-1.5,0.70399,2.33,2.35,5.0,0.0,1
2026-06-23,45,Colombia,DR Congo,1X2,home,,0.58434,1.49,1.56,1.0,0.0,1
2026-06-23,45,Colombia,DR Congo,1X2,away,,0.13374,7.5,7.0,1.0,0.0,1
2026-06-23,45,Colombia,DR Congo,1X2,draw,,0.28191,4.35,4.1,1.0,0.0,1
2026-06-23,45,Colombia,DR Congo,OU,over,2.5,0.31741,2.1,2.18,1.0,0.0,1
2026-06-23,45,Colombia,DR Congo,OU,under,2.5,0.68259,1.71,1.65,1.0,0.0,1
2026-06-23,45,Colombia,DR Congo,AH,home,-1.5,0.30419,2.52,2.56,1.0,0.0,1
2026-06-23,45,Colombia,DR Congo,AH,away,-1.5,0.69581,1.51,1.52,1.0,0.0,1
2026-06-27,68,Colombia,Portugal,1X2,home,,0.46778,3.55,3.85,,,0
2026-06-27,68,Colombia,Portugal,1X2,away,,0.26243,2.1,1.88,,,0
2026-06-27,68,Colombia,Portugal,1X2,draw,,0.26979,3.5,3.85,,,0
2026-06-27,68,Colombia,Portugal,OU,over,2.5,0.48526,2.07,2.02,,,0
2026-06-27,68,Colombia,Portugal,OU,under,2.5,0.51474,1.77,1.82,,,0
2026-06-27,68,Colombia,Portugal,AH,home,0.5,0.73757,1.81,1.89,,,0
2026-06-27,68,Colombia,Portugal,AH,away,0.5,0.26243,2.01,1.92,,,0
2026-06-27,70,DR Congo,Uzbekistan,1X2,home,,0.32661,2.1,1.81,,,0
2026-06-27,70,DR Congo,Uzbekistan,1X2,away,,0.28808,3.6,4.2,,,0
2026-06-27,70,DR Congo,Uzbekistan,1X2,draw,,0.3853,3.6,4.28,,,0
2026-06-27,70,DR Congo,Uzbekistan,OU,over,2.5,0.18529,2.12,1.92,,,0
2026-06-27,70,DR Congo,Uzbekistan,OU,under,2.5,0.81471,1.73,1.95,,,0
2026-06-27,70,DR Congo,Uzbekistan,AH,home,0.5,0.71192,1.34,1.34,,,0
2026-06-27,70,DR Congo,Uzbekistan,AH,away,0.5,0.28808,3.32,3.32,,,0
2026-06-23,46,England,Ghana,1X2,home,,0.75067,1.2,1.18,0.0,0.0,1
2026-06-23,46,England,Ghana,1X2,away,,0.06489,12.0,14.5,0.0,0.0,1
2026-06-23,46,England,Ghana,1X2,draw,,0.18445,6.75,8.0,0.0,0.0,1
2026-06-23,46,England,Ghana,OU,over,2.5,0.46078,1.5,1.51,0.0,0.0,1
2026-06-23,46,England,Ghana,OU,under,2.5,0.53922,2.35,2.32,0.0,0.0,1
2026-06-23,46,England,Ghana,AH,home,-1.5,0.49764,1.67,1.61,0.0,0.0,1
2026-06-23,46,England,Ghana,AH,away,-1.5,0.50236,2.2,2.34,0.0,0.0,1
2026-06-23,47,Panama,Croatia,1X2,away,,0.5354,1.52,1.48,0.0,1.0,1
2026-06-23,47,Panama,Croatia,1X2,home,,0.20822,6.0,6.75,0.0,1.0,1
2026-06-23,47,Panama,Croatia,1X2,draw,,0.25639,4.0,4.5,0.0,1.0,1
2026-06-23,47,Panama,Croatia,OU,over,2.5,0.4888,1.88,1.66,0.0,1.0,1
2026-06-23,47,Panama,Croatia,OU,under,2.5,0.5112,1.8,2.07,0.0,1.0,1
2026-06-23,47,Panama,Croatia,AH,away,0.5,0.5354,1.55,1.54,0.0,1.0,1
2026-06-23,47,Panama,Croatia,AH,home,0.5,0.4646,2.48,2.49,0.0,1.0,1
2026-06-27,72,Panama,England,1X2,away,,0.71583,1.22,1.15,,,0
2026-06-27,72,Panama,England,1X2,home,,0.09026,10.0,17.0,,,0
2026-06-27,72,Panama,England,1X2,draw,,0.19391,7.2,7.8,,,0
2026-06-27,72,Panama,England,OU,over,3.0,0.28596,2.02,1.92,,,0
2026-06-27,72,Panama,England,OU,under,3.0,0.49357,1.8,1.89,,,0
2026-06-27,72,Panama,England,AH,away,1.5,0.46981,1.74,1.64,,,0
2026-06-27,72,Panama,England,AH,home,1.5,0.53019,2.12,2.34,,,0
2026-06-27,69,Croatia,Ghana,1X2,home,,0.59264,1.6,1.7,,,0
2026-06-27,69,Croatia,Ghana,1X2,away,,0.15234,6.0,5.5,,,0
2026-06-27,69,Croatia,Ghana,1X2,draw,,0.25502,3.8,3.5,,,0
2026-06-27,69,Croatia,Ghana,OU,over,2.5,0.42071,2.08,2.1,,,0
2026-06-27,69,Croatia,Ghana,OU,under,2.5,0.57929,1.76,1.79,,,0
2026-06-27,69,Croatia,Ghana,AH,home,-0.5,0.59264,1.6,1.61,,,0
2026-06-27,69,Croatia,Ghana,AH,away,-0.5,0.40736,2.35,2.33,,,0
2026-06-24,50,Czech Republic,Mexico,1X2,home,,0.15882,3.55,3.7,,,0
2026-06-24,50,Czech Republic,Mexico,1X2,away,,0.5781,2.04,1.98,,,0
2026-06-24,50,Czech Republic,Mexico,1X2,draw,,0.26309,4.0,4.04,,,0
2026-06-24,53,South Africa,South Korea,1X2,home,,0.15854,5.85,5.7,,,0
2026-06-24,53,South Africa,South Korea,1X2,away,,0.57037,1.64,1.69,,,0
2026-06-24,53,South Africa,South Korea,1X2,draw,,0.2711,3.95,3.9,,,0
2026-06-24,54,Switzerland,Canada,1X2,away,,0.30702,3.3,3.45,,,0
2026-06-24,54,Switzerland,Canada,1X2,home,,0.39414,2.5,2.4,,,0
2026-06-24,54,Switzerland,Canada,1X2,draw,,0.29884,3.05,3.17,,,0
2026-06-24,49,Bosnia and Herzegovina,Qatar,1X2,home,,0.57661,1.47,1.42,,,0
2026-06-24,49,Bosnia and Herzegovina,Qatar,1X2,away,,0.17683,7.25,7.55,,,0
2026-06-24,49,Bosnia and Herzegovina,Qatar,1X2,draw,,0.24656,4.75,5.35,,,0
2026-06-24,52,Scotland,Brazil,1X2,away,,0.60656,1.36,1.33,,,0
2026-06-24,52,Scotland,Brazil,1X2,home,,0.16056,7.0,9.5,,,0
2026-06-24,52,Scotland,Brazil,1X2,draw,,0.23288,5.1,5.6,,,0
2026-06-24,51,Morocco,Haiti,1X2,away,,0.05336,17.0,17.0,,,0
2026-06-24,51,Morocco,Haiti,1X2,home,,0.77215,1.16,1.16,,,0
2026-06-24,51,Morocco,Haiti,1X2,draw,,0.17448,7.5,7.5,,,0
2026-06-25,60,Turkey,United States,1X2,home,,0.39094,2.85,3.25,,,0
2026-06-25,60,Turkey,United States,1X2,away,,0.34788,2.05,1.88,,,0
2026-06-25,60,Turkey,United States,1X2,draw,,0.26117,4.2,4.1,,,0
2026-06-25,58,Paraguay,Australia,1X2,away,,0.36554,3.95,3.75,,,0
2026-06-25,58,Paraguay,Australia,1X2,home,,0.28459,2.85,2.85,,,0
2026-06-25,58,Paraguay,Australia,1X2,draw,,0.34987,2.15,2.2,,,0
2026-06-20,34,Germany,Ivory Coast,1X2,home,,0.44471,1.47,2.6,2.0,1.0,1
2026-06-20,34,Germany,Ivory Coast,1X2,away,,0.27091,7.0,2.55,2.0,1.0,1
2026-06-20,34,Germany,Ivory Coast,1X2,draw,,0.28438,4.8,3.35,2.0,1.0,1
2026-06-20,33,Ecuador,Curaçao,1X2,away,,0.02856,18.0,15.0,0.0,0.0,1
2026-06-20,33,Ecuador,Curaçao,1X2,home,,0.84785,1.12,1.16,0.0,0.0,1
2026-06-20,33,Ecuador,Curaçao,1X2,draw,,0.12359,10.0,8.5,0.0,0.0,1
2026-06-25,55,Curaçao,Ivory Coast,1X2,home,,0.06477,22.5,19.0,,,0
2026-06-25,55,Curaçao,Ivory Coast,1X2,away,,0.76613,1.15,1.18,,,0
2026-06-25,55,Curaçao,Ivory Coast,1X2,draw,,0.1691,8.5,8.2,,,0
2026-06-25,56,Ecuador,Germany,1X2,home,,0.41757,4.1,3.55,,,0
2026-06-25,56,Ecuador,Germany,1X2,away,,0.26208,1.54,1.82,,,0
2026-06-25,56,Ecuador,Germany,1X2,draw,,0.32035,3.35,4.0,,,0
2026-06-20,36,Tunisia,Japan,1X2,away,,0.72709,1.44,1.5,0.0,4.0,1
2026-06-20,36,Tunisia,Japan,1X2,home,,0.07629,8.5,8.0,0.0,4.0,1
2026-06-20,36,Tunisia,Japan,1X2,draw,,0.19662,4.5,4.1,0.0,4.0,1
2026-06-25,57,Japan,Sweden,1X2,home,,0.69415,1.96,1.96,,,0
2026-06-25,57,Japan,Sweden,1X2,away,,0.11783,3.25,4.45,,,0
2026-06-25,57,Japan,Sweden,1X2,draw,,0.18803,3.3,3.47,,,0
2026-06-25,59,Tunisia,Netherlands,1X2,away,,0.66425,1.22,1.14,,,0
2026-06-25,59,Tunisia,Netherlands,1X2,home,,0.11544,7.0,25.0,,,0
2026-06-25,59,Tunisia,Netherlands,1X2,draw,,0.22031,4.6,9.5,,,0
2026-06-21,37,Belgium,Iran,1X2,home,,0.42875,1.43,1.43,0.0,0.0,1
2026-06-21,37,Belgium,Iran,1X2,away,,0.29668,7.7,8.25,0.0,0.0,1
2026-06-21,37,Belgium,Iran,1X2,draw,,0.27457,4.78,4.95,0.0,0.0,1
2026-06-21,38,New Zealand,Egypt,1X2,away,,0.44734,1.54,1.56,1.0,3.0,1
2026-06-21,38,New Zealand,Egypt,1X2,home,,0.23335,5.75,6.5,1.0,3.0,1
2026-06-21,38,New Zealand,Egypt,1X2,draw,,0.31931,4.0,4.1,1.0,3.0,1
2026-06-26,62,Egypt,Iran,1X2,home,,0.30357,2.14,2.39,,,0
2026-06-26,62,Egypt,Iran,1X2,away,,0.37206,3.82,3.63,,,0
2026-06-26,62,Egypt,Iran,1X2,draw,,0.32437,3.08,2.74,,,0
2026-06-26,63,New Zealand,Belgium,1X2,away,,0.60132,1.25,1.21,,,0
2026-06-26,63,New Zealand,Belgium,1X2,home,,0.16238,14.0,16.0,,,0
2026-06-26,63,New Zealand,Belgium,1X2,draw,,0.23631,6.25,7.5,,,0
2026-06-21,39,Spain,Saudi Arabia,1X2,away,,0.04984,34.0,38.0,4.0,0.0,1
2026-06-21,39,Spain,Saudi Arabia,1X2,home,,0.79997,1.11,1.11,4.0,0.0,1
2026-06-21,39,Spain,Saudi Arabia,1X2,draw,,0.15019,11.5,11.5,4.0,0.0,1
2026-06-21,40,Uruguay,Cape Verde,1X2,away,,0.11719,8.5,9.5,2.0,2.0,1
2026-06-21,40,Uruguay,Cape Verde,1X2,home,,0.59411,1.42,1.45,2.0,2.0,1
2026-06-21,40,Uruguay,Cape Verde,1X2,draw,,0.28869,4.25,4.35,2.0,2.0,1
2026-06-26,61,Cape Verde,Saudi Arabia,1X2,home,,0.30128,2.85,2.4,,,0
2026-06-26,61,Cape Verde,Saudi Arabia,1X2,away,,0.35259,2.35,2.9,,,0
2026-06-26,61,Cape Verde,Saudi Arabia,1X2,draw,,0.34613,3.6,3.4,,,0
2026-06-26,66,Uruguay,Spain,1X2,away,,0.51126,1.5,1.47,,,0
2026-06-26,66,Uruguay,Spain,1X2,home,,0.18285,6.2,7.2,,,0
2026-06-26,66,Uruguay,Spain,1X2,draw,,0.30589,4.4,4.2,,,0
2026-06-22,42,France,Iraq,1X2,home,,0.69364,1.08,1.08,3.0,0.0,1
2026-06-22,42,France,Iraq,1X2,away,,0.09161,25.0,30.0,3.0,0.0,1
2026-06-22,42,France,Iraq,1X2,draw,,0.21475,10.5,14.0,3.0,0.0,1
2026-06-22,44,Norway,Senegal,1X2,home,,0.56417,2.34,2.24,3.0,2.0,1
2026-06-22,44,Norway,Senegal,1X2,away,,0.19297,3.26,3.45,3.0,2.0,1
2026-06-22,44,Norway,Senegal,1X2,draw,,0.24286,3.55,3.58,3.0,2.0,1
2026-06-26,64,Norway,France,1X2,away,,0.30099,1.78,1.69,,,0
2026-06-26,64,Norway,France,1X2,home,,0.43136,4.39,4.7,,,0
2026-06-26,64,Norway,France,1X2,draw,,0.26765,3.66,4.08,,,0
2026-06-26,65,Senegal,Iraq,1X2,away,,0.15292,12.0,14.0,,,0
2026-06-26,65,Senegal,Iraq,1X2,home,,0.57058,1.32,1.25,,,0
2026-06-26,65,Senegal,Iraq,1X2,draw,,0.2765,5.25,6.55,,,0
2026-06-22,41,Argentina,Austria,1X2,home,,0.63796,1.56,1.47,2.0,0.0,1
2026-06-22,41,Argentina,Austria,1X2,away,,0.09888,6.0,8.0,2.0,0.0,1
2026-06-22,41,Argentina,Austria,1X2,draw,,0.26316,3.8,4.4,2.0,0.0,1
2026-06-22,43,Jordan,Algeria,1X2,away,,0.6602,1.61,1.55,1.0,2.0,1
2026-06-22,43,Jordan,Algeria,1X2,home,,0.13926,6.26,7.07,1.0,2.0,1
2026-06-22,43,Jordan,Algeria,1X2,draw,,0.20054,4.25,4.38,1.0,2.0,1
2026-06-27,67,Algeria,Austria,1X2,home,,0.41501,2.6,3.65,,,0
2026-06-27,67,Algeria,Austria,1X2,away,,0.29151,2.25,2.65,,,0
2026-06-27,67,Algeria,Austria,1X2,draw,,0.29348,2.8,2.3,,,0
2026-06-27,71,Jordan,Argentina,1X2,away,,0.84268,1.17,1.17,,,0
2026-06-27,71,Jordan,Argentina,1X2,home,,0.0345,15.0,15.0,,,0
2026-06-27,71,Jordan,Argentina,1X2,draw,,0.12281,7.5,7.5,,,0
2026-06-23,48,Portugal,Uzbekistan,1X2,home,,0.55403,1.17,1.13,5.0,0.0,1
2026-06-23,48,Portugal,Uzbekistan,1X2,away,,0.17539,13.5,17.0,5.0,0.0,1
2026-06-23,48,Portugal,Uzbekistan,1X2,draw,,0.27059,7.25,9.5,5.0,0.0,1
2026-06-23,45,Colombia,DR Congo,1X2,home,,0.58434,1.49,1.56,1.0,0.0,1
2026-06-23,45,Colombia,DR Congo,1X2,away,,0.13374,7.5,7.0,1.0,0.0,1
2026-06-23,45,Colombia,DR Congo,1X2,draw,,0.28191,4.35,4.1,1.0,0.0,1
2026-06-27,68,Colombia,Portugal,1X2,home,,0.46778,3.55,3.85,,,0
2026-06-27,68,Colombia,Portugal,1X2,away,,0.26243,2.1,1.88,,,0
2026-06-27,68,Colombia,Portugal,1X2,draw,,0.26979,3.5,3.85,,,0
2026-06-27,70,DR Congo,Uzbekistan,1X2,home,,0.32661,2.1,1.81,,,0
2026-06-27,70,DR Congo,Uzbekistan,1X2,away,,0.28808,3.6,4.2,,,0
2026-06-27,70,DR Congo,Uzbekistan,1X2,draw,,0.3853,3.6,4.28,,,0
2026-06-23,46,England,Ghana,1X2,home,,0.75067,1.2,1.18,0.0,0.0,1
2026-06-23,46,England,Ghana,1X2,away,,0.06489,12.0,14.5,0.0,0.0,1
2026-06-23,46,England,Ghana,1X2,draw,,0.18445,6.75,8.0,0.0,0.0,1
2026-06-23,47,Panama,Croatia,1X2,away,,0.5354,1.52,1.48,0.0,1.0,1
2026-06-23,47,Panama,Croatia,1X2,home,,0.20822,6.0,6.75,0.0,1.0,1
2026-06-23,47,Panama,Croatia,1X2,draw,,0.25639,4.0,4.5,0.0,1.0,1
2026-06-27,72,Panama,England,1X2,away,,0.71583,1.22,1.15,,,0
2026-06-27,72,Panama,England,1X2,home,,0.09026,10.0,17.0,,,0
2026-06-27,72,Panama,England,1X2,draw,,0.19391,7.2,7.8,,,0
2026-06-27,69,Croatia,Ghana,1X2,home,,0.59264,1.6,1.7,,,0
2026-06-27,69,Croatia,Ghana,1X2,away,,0.15234,6.0,5.5,,,0
2026-06-27,69,Croatia,Ghana,1X2,draw,,0.25502,3.8,3.5,,,0
2026-06-27,69,Croatia,Ghana,AH,home,-1.5,0.3327,2.77,3.13,,,0
2026-06-27,69,Croatia,Ghana,AH,away,-1.5,0.6673,1.45,1.37,,,0
2026-06-24,50,Czech Republic,Mexico,1X2,home,,0.15882,3.55,3.7,,,0
2026-06-24,50,Czech Republic,Mexico,1X2,away,,0.5781,2.04,1.98,,,0
2026-06-24,50,Czech Republic,Mexico,1X2,draw,,0.26309,4.0,4.04,,,0
2026-06-24,53,South Africa,South Korea,1X2,home,,0.15854,5.85,5.7,,,0
2026-06-24,53,South Africa,South Korea,1X2,away,,0.57037,1.64,1.69,,,0
2026-06-24,53,South Africa,South Korea,1X2,draw,,0.2711,3.95,3.9,,,0
2026-06-24,54,Switzerland,Canada,1X2,away,,0.30702,3.3,3.45,,,0
2026-06-24,54,Switzerland,Canada,1X2,home,,0.39414,2.5,2.4,,,0
2026-06-24,54,Switzerland,Canada,1X2,draw,,0.29884,3.05,3.17,,,0
2026-06-24,49,Bosnia and Herzegovina,Qatar,1X2,home,,0.57661,1.47,1.42,,,0
2026-06-24,49,Bosnia and Herzegovina,Qatar,1X2,away,,0.17683,7.25,7.55,,,0
2026-06-24,49,Bosnia and Herzegovina,Qatar,1X2,draw,,0.24656,4.75,5.35,,,0
2026-06-24,52,Scotland,Brazil,1X2,away,,0.60656,1.36,1.33,,,0
2026-06-24,52,Scotland,Brazil,1X2,home,,0.16056,7.0,9.5,,,0
2026-06-24,52,Scotland,Brazil,1X2,draw,,0.23288,5.1,5.6,,,0
2026-06-24,51,Morocco,Haiti,1X2,away,,0.05336,17.0,17.0,,,0
2026-06-24,51,Morocco,Haiti,1X2,home,,0.77215,1.16,1.16,,,0
2026-06-24,51,Morocco,Haiti,1X2,draw,,0.17448,7.5,7.5,,,0
2026-06-24,51,Morocco,Haiti,AH,away,-1.5,0.47967,2.38,2.41,,,0
2026-06-24,51,Morocco,Haiti,AH,home,-1.5,0.52033,1.59,1.57,,,0
2026-06-25,60,Turkey,United States,1X2,home,,0.39094,2.85,3.25,,,0
2026-06-25,60,Turkey,United States,1X2,away,,0.34788,2.05,1.88,,,0
2026-06-25,60,Turkey,United States,1X2,draw,,0.26117,4.2,4.1,,,0
2026-06-25,58,Paraguay,Australia,1X2,away,,0.36554,3.95,3.75,,,0
2026-06-25,58,Paraguay,Australia,1X2,home,,0.28459,2.85,2.85,,,0
2026-06-25,58,Paraguay,Australia,1X2,draw,,0.34987,2.15,2.2,,,0
2026-06-20,34,Germany,Ivory Coast,1X2,home,,0.44471,2.6,2.6,2.0,1.0,1
2026-06-20,34,Germany,Ivory Coast,1X2,away,,0.27091,2.55,2.55,2.0,1.0,1
2026-06-20,34,Germany,Ivory Coast,1X2,draw,,0.28438,3.35,3.35,2.0,1.0,1
2026-06-20,34,Germany,Ivory Coast,OU,over,2.5,0.43672,1.43,1.43,2.0,1.0,1
2026-06-20,34,Germany,Ivory Coast,OU,under,2.5,0.56328,2.48,2.48,2.0,1.0,1
2026-06-20,34,Germany,Ivory Coast,AH,home,0.5,0.72909,1.5,1.5,2.0,1.0,1
2026-06-20,34,Germany,Ivory Coast,AH,away,0.5,0.27091,2.35,2.35,2.0,1.0,1
2026-06-20,33,Ecuador,Curaçao,1X2,away,,0.02856,15.0,15.0,0.0,0.0,1
2026-06-20,33,Ecuador,Curaçao,1X2,home,,0.84785,1.16,1.16,0.0,0.0,1
2026-06-20,33,Ecuador,Curaçao,1X2,draw,,0.12359,8.5,8.5,0.0,0.0,1
2026-06-20,33,Ecuador,Curaçao,OU,over,2.5,0.52914,1.54,1.54,0.0,0.0,1
2026-06-20,33,Ecuador,Curaçao,OU,under,2.5,0.47086,2.28,2.28,0.0,0.0,1
2026-06-25,55,Curaçao,Ivory Coast,1X2,home,,0.06477,20.0,19.0,,,0
2026-06-25,55,Curaçao,Ivory Coast,1X2,away,,0.76613,1.16,1.18,,,0
2026-06-25,55,Curaçao,Ivory Coast,1X2,draw,,0.1691,9.6,8.2,,,0
2026-06-25,55,Curaçao,Ivory Coast,OU,over,3.5,0.29714,2.2,2.2,,,0
2026-06-25,55,Curaçao,Ivory Coast,OU,under,3.5,0.70286,1.66,1.66,,,0
2026-06-25,56,Ecuador,Germany,1X2,home,,0.41757,4.94,3.55,,,0
2026-06-25,56,Ecuador,Germany,1X2,away,,0.26208,1.68,1.82,,,0
2026-06-25,56,Ecuador,Germany,1X2,draw,,0.32035,3.73,4.0,,,0
2026-06-20,36,Tunisia,Japan,1X2,away,,0.72709,1.5,1.5,0.0,4.0,1
2026-06-20,36,Tunisia,Japan,1X2,home,,0.07629,8.0,8.0,0.0,4.0,1
2026-06-20,36,Tunisia,Japan,1X2,draw,,0.19662,4.1,4.1,0.0,4.0,1
2026-06-20,36,Tunisia,Japan,AH,away,1.5,0.47049,2.45,2.45,0.0,4.0,1
2026-06-20,36,Tunisia,Japan,AH,home,1.5,0.52951,1.53,1.53,0.0,4.0,1
2026-06-25,57,Japan,Sweden,1X2,home,,0.69415,1.96,1.96,,,0
2026-06-25,57,Japan,Sweden,1X2,away,,0.11783,3.25,4.45,,,0
2026-06-25,57,Japan,Sweden,1X2,draw,,0.18803,3.3,3.47,,,0
2026-06-25,59,Tunisia,Netherlands,1X2,away,,0.66425,1.2,1.14,,,0
2026-06-25,59,Tunisia,Netherlands,1X2,home,,0.11544,7.25,25.0,,,0
2026-06-25,59,Tunisia,Netherlands,1X2,draw,,0.22031,4.8,9.5,,,0
2026-06-21,37,Belgium,Iran,1X2,home,,0.42875,1.43,1.43,0.0,0.0,1
2026-06-21,37,Belgium,Iran,1X2,away,,0.29668,7.69,8.25,0.0,0.0,1
2026-06-21,37,Belgium,Iran,1X2,draw,,0.27457,4.78,4.95,0.0,0.0,1
2026-06-21,37,Belgium,Iran,OU,over,2.75,0.48498,2.06,2.04,0.0,0.0,1
2026-06-21,37,Belgium,Iran,OU,under,2.75,0.51502,1.84,1.88,0.0,0.0,1
2026-06-21,38,New Zealand,Egypt,1X2,away,,0.44734,1.56,1.56,1.0,3.0,1
2026-06-21,38,New Zealand,Egypt,1X2,home,,0.23335,5.5,6.5,1.0,3.0,1
2026-06-21,38,New Zealand,Egypt,1X2,draw,,0.31931,3.95,4.1,1.0,3.0,1
2026-06-26,62,Egypt,Iran,1X2,home,,0.30357,2.14,2.39,,,0
2026-06-26,62,Egypt,Iran,1X2,away,,0.37206,3.82,3.63,,,0
2026-06-26,62,Egypt,Iran,1X2,draw,,0.32437,3.08,2.74,,,0
2026-06-26,63,New Zealand,Belgium,1X2,away,,0.60132,1.25,1.21,,,0
2026-06-26,63,New Zealand,Belgium,1X2,home,,0.16238,14.0,16.0,,,0
2026-06-26,63,New Zealand,Belgium,1X2,draw,,0.23631,6.25,7.5,,,0
2026-06-21,39,Spain,Saudi Arabia,1X2,away,,0.04984,35.0,38.0,4.0,0.0,1
2026-06-21,39,Spain,Saudi Arabia,1X2,home,,0.79997,1.11,1.11,4.0,0.0,1
2026-06-21,39,Spain,Saudi Arabia,1X2,draw,,0.15019,11.4,11.5,4.0,0.0,1
2026-06-21,40,Uruguay,Cape Verde,1X2,away,,0.11719,8.0,9.5,2.0,2.0,1
2026-06-21,40,Uruguay,Cape Verde,1X2,home,,0.59411,1.47,1.45,2.0,2.0,1
2026-06-21,40,Uruguay,Cape Verde,1X2,draw,,0.28869,3.95,4.35,2.0,2.0,1
2026-06-26,61,Cape Verde,Saudi Arabia,1X2,home,,0.30128,2.85,2.4,,,0
2026-06-26,61,Cape Verde,Saudi Arabia,1X2,away,,0.35259,2.35,2.9,,,0
2026-06-26,61,Cape Verde,Saudi Arabia,1X2,draw,,0.34613,3.6,3.4,,,0
2026-06-26,66,Uruguay,Spain,1X2,away,,0.51126,1.5,1.47,,,0
2026-06-26,66,Uruguay,Spain,1X2,home,,0.18285,6.5,7.2,,,0
2026-06-26,66,Uruguay,Spain,1X2,draw,,0.30589,4.3,4.2,,,0
2026-06-22,42,France,Iraq,1X2,home,,0.69364,1.08,1.08,3.0,0.0,1
2026-06-22,42,France,Iraq,1X2,away,,0.09161,25.0,30.0,3.0,0.0,1
2026-06-22,42,France,Iraq,1X2,draw,,0.21475,10.5,14.0,3.0,0.0,1
2026-06-22,44,Norway,Senegal,1X2,home,,0.56417,2.34,2.24,3.0,2.0,1
2026-06-22,44,Norway,Senegal,1X2,away,,0.19297,3.26,3.45,3.0,2.0,1
2026-06-22,44,Norway,Senegal,1X2,draw,,0.24286,3.55,3.58,3.0,2.0,1
2026-06-26,64,Norway,France,1X2,away,,0.30099,1.78,1.69,,,0
2026-06-26,64,Norway,France,1X2,home,,0.43136,4.39,4.7,,,0
2026-06-26,64,Norway,France,1X2,draw,,0.26765,3.66,4.08,,,0
2026-06-26,65,Senegal,Iraq,1X2,away,,0.15292,12.0,14.0,,,0
2026-06-26,65,Senegal,Iraq,1X2,home,,0.57058,1.32,1.25,,,0
2026-06-26,65,Senegal,Iraq,1X2,draw,,0.2765,5.25,6.55,,,0
2026-06-22,41,Argentina,Austria,1X2,home,,0.63796,1.56,1.47,2.0,0.0,1
2026-06-22,41,Argentina,Austria,1X2,away,,0.09888,6.0,8.0,2.0,0.0,1
2026-06-22,41,Argentina,Austria,1X2,draw,,0.26316,3.75,4.4,2.0,0.0,1
2026-06-22,43,Jordan,Algeria,1X2,away,,0.6602,1.61,1.55,1.0,2.0,1
2026-06-22,43,Jordan,Algeria,1X2,home,,0.13926,6.26,7.07,1.0,2.0,1
2026-06-22,43,Jordan,Algeria,1X2,draw,,0.20054,4.25,4.38,1.0,2.0,1
2026-06-27,67,Algeria,Austria,1X2,home,,0.41501,2.6,3.65,,,0
2026-06-27,67,Algeria,Austria,1X2,away,,0.29151,2.25,2.65,,,0
2026-06-27,67,Algeria,Austria,1X2,draw,,0.29348,2.8,2.3,,,0
2026-06-27,67,Algeria,Austria,AH,home,0.5,0.70849,1.56,1.51,,,0
2026-06-27,67,Algeria,Austria,AH,away,0.5,0.29151,2.45,2.59,,,0
2026-06-27,71,Jordan,Argentina,1X2,away,,0.84268,1.17,1.17,,,0
2026-06-27,71,Jordan,Argentina,1X2,home,,0.0345,15.0,15.0,,,0
2026-06-27,71,Jordan,Argentina,1X2,draw,,0.12281,7.5,7.5,,,0
2026-06-23,48,Portugal,Uzbekistan,1X2,home,,0.55403,1.17,1.13,5.0,0.0,1
2026-06-23,48,Portugal,Uzbekistan,1X2,away,,0.17539,13.5,17.0,5.0,0.0,1
2026-06-23,48,Portugal,Uzbekistan,1X2,draw,,0.27059,7.25,9.5,5.0,0.0,1
2026-06-23,45,Colombia,DR Congo,1X2,home,,0.58434,1.49,1.56,1.0,0.0,1
2026-06-23,45,Colombia,DR Congo,1X2,away,,0.13374,7.5,7.0,1.0,0.0,1
2026-06-23,45,Colombia,DR Congo,1X2,draw,,0.28191,4.35,4.1,1.0,0.0,1
2026-06-27,68,Colombia,Portugal,1X2,home,,0.46778,3.55,3.85,,,0
2026-06-27,68,Colombia,Portugal,1X2,away,,0.26243,2.1,1.88,,,0
2026-06-27,68,Colombia,Portugal,1X2,draw,,0.26979,3.5,3.85,,,0
2026-06-27,70,DR Congo,Uzbekistan,1X2,home,,0.32661,2.1,1.81,,,0
2026-06-27,70,DR Congo,Uzbekistan,1X2,away,,0.28808,3.6,4.2,,,0
2026-06-27,70,DR Congo,Uzbekistan,1X2,draw,,0.3853,3.6,4.28,,,0
2026-06-27,70,DR Congo,Uzbekistan,AH,home,-0.5,0.32661,2.09,1.81,,,0
2026-06-27,70,DR Congo,Uzbekistan,AH,away,-0.5,0.67339,1.75,2.0,,,0
2026-06-23,46,England,Ghana,1X2,home,,0.75067,1.2,1.18,0.0,0.0,1
2026-06-23,46,England,Ghana,1X2,away,,0.06489,12.0,14.5,0.0,0.0,1
2026-06-23,46,England,Ghana,1X2,draw,,0.18445,6.75,8.0,0.0,0.0,1
2026-06-23,47,Panama,Croatia,1X2,away,,0.5354,1.52,1.48,0.0,1.0,1
2026-06-23,47,Panama,Croatia,1X2,home,,0.20822,6.0,6.75,0.0,1.0,1
2026-06-23,47,Panama,Croatia,1X2,draw,,0.25639,4.0,4.5,0.0,1.0,1
2026-06-27,72,Panama,England,1X2,away,,0.71583,1.22,1.15,,,0
2026-06-27,72,Panama,England,1X2,home,,0.09026,9.5,17.0,,,0
2026-06-27,72,Panama,England,1X2,draw,,0.19391,7.5,7.8,,,0
2026-06-27,69,Croatia,Ghana,1X2,home,,0.59264,1.6,1.7,,,0
2026-06-27,69,Croatia,Ghana,1X2,away,,0.15234,6.0,5.5,,,0
2026-06-27,69,Croatia,Ghana,1X2,draw,,0.25502,3.8,3.5,,,0
2026-06-24,50,Czech Republic,Mexico,1X2,home,,0.17318,3.55,3.7,,,0
2026-06-24,50,Czech Republic,Mexico,1X2,away,,0.55724,2.04,1.98,,,0
2026-06-24,50,Czech Republic,Mexico,1X2,draw,,0.26958,4.0,4.04,,,0
2026-06-24,53,South Africa,South Korea,1X2,home,,0.1535,5.85,5.7,,,0
2026-06-24,53,South Africa,South Korea,1X2,away,,0.57868,1.64,1.69,,,0
2026-06-24,53,South Africa,South Korea,1X2,draw,,0.26782,3.95,3.9,,,0
2026-06-24,54,Switzerland,Canada,1X2,away,,0.28807,3.3,3.45,,,0
2026-06-24,54,Switzerland,Canada,1X2,home,,0.41263,2.5,2.4,,,0
2026-06-24,54,Switzerland,Canada,1X2,draw,,0.29931,3.05,3.17,,,0
2026-06-24,49,Bosnia and Herzegovina,Qatar,1X2,home,,0.58582,1.47,1.42,,,0
2026-06-24,49,Bosnia and Herzegovina,Qatar,1X2,away,,0.16512,7.25,7.55,,,0
2026-06-24,49,Bosnia and Herzegovina,Qatar,1X2,draw,,0.24906,4.75,5.35,,,0
2026-06-24,52,Scotland,Brazil,1X2,away,,0.58866,1.36,1.33,,,0
2026-06-24,52,Scotland,Brazil,1X2,home,,0.17084,7.5,9.5,,,0
2026-06-24,52,Scotland,Brazil,1X2,draw,,0.2405,4.9,5.6,,,0
2026-06-24,51,Morocco,Haiti,1X2,away,,0.05363,17.0,17.0,,,0
2026-06-24,51,Morocco,Haiti,1X2,home,,0.76681,1.16,1.16,,,0
2026-06-24,51,Morocco,Haiti,1X2,draw,,0.17956,7.5,7.5,,,0
2026-06-25,60,Turkey,United States,1X2,home,,0.37649,3.1,3.25,,,0
2026-06-25,60,Turkey,United States,1X2,away,,0.35482,1.96,1.88,,,0
2026-06-25,60,Turkey,United States,1X2,draw,,0.2687,4.2,4.1,,,0
2026-06-25,58,Paraguay,Australia,1X2,away,,0.37475,3.95,3.75,,,0
2026-06-25,58,Paraguay,Australia,1X2,home,,0.27851,2.85,2.85,,,0
2026-06-25,58,Paraguay,Australia,1X2,draw,,0.34674,2.15,2.2,,,0
2026-06-25,58,Paraguay,Australia,AH,away,0.5,0.37475,3.42,3.42,,,0
2026-06-25,58,Paraguay,Australia,AH,home,0.5,0.62525,1.32,1.32,,,0
2026-06-25,55,Curaçao,Ivory Coast,1X2,home,,0.06451,20.0,19.0,,,0
2026-06-25,55,Curaçao,Ivory Coast,1X2,away,,0.75861,1.17,1.18,,,0
2026-06-25,55,Curaçao,Ivory Coast,1X2,draw,,0.17688,8.0,8.2,,,0
2026-06-25,56,Ecuador,Germany,1X2,home,,0.3312,3.0,3.55,,,0
2026-06-25,56,Ecuador,Germany,1X2,away,,0.33236,1.82,1.82,,,0
2026-06-25,56,Ecuador,Germany,1X2,draw,,0.33644,3.4,4.0,,,0
2026-06-25,57,Japan,Sweden,1X2,home,,0.65621,2.1,1.96,,,0
2026-06-25,57,Japan,Sweden,1X2,away,,0.14385,3.9,4.45,,,0
2026-06-25,57,Japan,Sweden,1X2,draw,,0.19994,3.35,3.47,,,0
2026-06-25,59,Tunisia,Netherlands,1X2,away,,0.78141,1.17,1.14,,,0
2026-06-25,59,Tunisia,Netherlands,1X2,home,,0.06288,20.0,25.0,,,0
2026-06-25,59,Tunisia,Netherlands,1X2,draw,,0.15571,7.75,9.5,,,0
2026-06-25,59,Tunisia,Netherlands,OU,over,3.0,0.34314,1.78,1.75,,,0
2026-06-25,59,Tunisia,Netherlands,OU,under,3.0,0.43288,2.11,2.15,,,0
2026-06-25,59,Tunisia,Netherlands,AH,away,2.5,0.32803,2.34,2.09,,,0
2026-06-25,59,Tunisia,Netherlands,AH,home,2.5,0.67197,1.57,1.74,,,0
2026-06-21,37,Belgium,Iran,1X2,home,,0.43422,1.46,1.43,0.0,0.0,1
2026-06-21,37,Belgium,Iran,1X2,away,,0.29052,7.68,8.25,0.0,0.0,1
2026-06-21,37,Belgium,Iran,1X2,draw,,0.27526,4.79,4.95,0.0,0.0,1
2026-06-21,38,New Zealand,Egypt,1X2,away,,0.41669,1.56,1.56,1.0,3.0,1
2026-06-21,38,New Zealand,Egypt,1X2,home,,0.25471,5.8,6.5,1.0,3.0,1
2026-06-21,38,New Zealand,Egypt,1X2,draw,,0.3286,3.9,4.1,1.0,3.0,1
2026-06-26,62,Egypt,Iran,1X2,home,,0.29146,2.14,2.39,,,0
2026-06-26,62,Egypt,Iran,1X2,away,,0.37963,3.82,3.63,,,0
2026-06-26,62,Egypt,Iran,1X2,draw,,0.32891,3.08,2.74,,,0
2026-06-26,63,New Zealand,Belgium,1X2,away,,0.58923,1.25,1.21,,,0
2026-06-26,63,New Zealand,Belgium,1X2,home,,0.17034,14.0,16.0,,,0
2026-06-26,63,New Zealand,Belgium,1X2,draw,,0.24043,6.25,7.5,,,0
2026-06-21,39,Spain,Saudi Arabia,1X2,away,,0.04685,30.0,38.0,4.0,0.0,1
2026-06-21,39,Spain,Saudi Arabia,1X2,home,,0.80866,1.12,1.11,4.0,0.0,1
2026-06-21,39,Spain,Saudi Arabia,1X2,draw,,0.14449,10.6,11.5,4.0,0.0,1
2026-06-21,40,Uruguay,Cape Verde,1X2,away,,0.11395,8.0,9.5,2.0,2.0,1
2026-06-21,40,Uruguay,Cape Verde,1X2,home,,0.60303,1.45,1.45,2.0,2.0,1
2026-06-21,40,Uruguay,Cape Verde,1X2,draw,,0.28302,4.0,4.35,2.0,2.0,1
2026-06-26,61,Cape Verde,Saudi Arabia,1X2,home,,0.29669,2.85,2.4,,,0
2026-06-26,61,Cape Verde,Saudi Arabia,1X2,away,,0.35655,2.35,2.9,,,0
2026-06-26,61,Cape Verde,Saudi Arabia,1X2,draw,,0.34675,3.6,3.4,,,0
2026-06-26,66,Uruguay,Spain,1X2,away,,0.52328,1.5,1.47,,,0
2026-06-26,66,Uruguay,Spain,1X2,home,,0.17731,6.5,7.2,,,0
2026-06-26,66,Uruguay,Spain,1X2,draw,,0.2994,4.3,4.2,,,0
2026-06-26,66,Uruguay,Spain,AH,away,0.5,0.52328,1.54,1.54,,,0
2026-06-26,66,Uruguay,Spain,AH,home,0.5,0.47672,2.49,2.49,,,0
2026-06-22,42,France,Iraq,1X2,home,,0.69566,1.08,1.08,3.0,0.0,1
2026-06-22,42,France,Iraq,1X2,away,,0.09011,25.0,30.0,3.0,0.0,1
2026-06-22,42,France,Iraq,1X2,draw,,0.21424,10.0,14.0,3.0,0.0,1
2026-06-22,44,Norway,Senegal,1X2,home,,0.57124,2.34,2.24,3.0,2.0,1
2026-06-22,44,Norway,Senegal,1X2,away,,0.18919,3.23,3.45,3.0,2.0,1
2026-06-22,44,Norway,Senegal,1X2,draw,,0.23957,3.59,3.58,3.0,2.0,1
2026-06-26,64,Norway,France,1X2,away,,0.31528,1.78,1.69,,,0
2026-06-26,64,Norway,France,1X2,home,,0.41571,4.39,4.7,,,0
2026-06-26,64,Norway,France,1X2,draw,,0.26901,3.66,4.08,,,0
2026-06-26,65,Senegal,Iraq,1X2,away,,0.16165,12.0,14.0,,,0
2026-06-26,65,Senegal,Iraq,1X2,home,,0.55608,1.32,1.25,,,0
2026-06-26,65,Senegal,Iraq,1X2,draw,,0.28228,5.25,6.55,,,0
2026-06-22,41,Argentina,Austria,1X2,home,,0.64252,1.51,1.47,2.0,0.0,1
2026-06-22,41,Argentina,Austria,1X2,away,,0.09795,6.4,8.0,2.0,0.0,1
2026-06-22,41,Argentina,Austria,1X2,draw,,0.25953,3.9,4.4,2.0,0.0,1
2026-06-22,43,Jordan,Algeria,1X2,away,,0.62755,1.61,1.55,1.0,2.0,1
2026-06-22,43,Jordan,Algeria,1X2,home,,0.15681,6.36,7.07,1.0,2.0,1
2026-06-22,43,Jordan,Algeria,1X2,draw,,0.21564,4.21,4.38,1.0,2.0,1
2026-06-27,67,Algeria,Austria,1X2,home,,0.39355,2.6,3.65,,,0
2026-06-27,67,Algeria,Austria,1X2,away,,0.30915,2.25,2.65,,,0
2026-06-27,67,Algeria,Austria,1X2,draw,,0.29729,2.8,2.3,,,0
2026-06-27,71,Jordan,Argentina,1X2,away,,0.83964,1.17,1.17,,,0
2026-06-27,71,Jordan,Argentina,1X2,home,,0.03528,14.0,15.0,,,0
2026-06-27,71,Jordan,Argentina,1X2,draw,,0.12507,7.8,7.5,,,0
2026-06-23,48,Portugal,Uzbekistan,1X2,home,,0.56389,1.18,1.13,5.0,0.0,1
2026-06-23,48,Portugal,Uzbekistan,1X2,away,,0.16557,12.5,17.0,5.0,0.0,1
2026-06-23,48,Portugal,Uzbekistan,1X2,draw,,0.27054,7.0,9.5,5.0,0.0,1
2026-06-23,45,Colombia,DR Congo,1X2,home,,0.58802,1.56,1.56,1.0,0.0,1
2026-06-23,45,Colombia,DR Congo,1X2,away,,0.13437,7.0,7.0,1.0,0.0,1
2026-06-23,45,Colombia,DR Congo,1X2,draw,,0.27762,4.2,4.1,1.0,0.0,1
2026-06-27,68,Colombia,Portugal,1X2,home,,0.46835,3.55,3.85,,,0
2026-06-27,68,Colombia,Portugal,1X2,away,,0.26417,2.12,1.88,,,0
2026-06-27,68,Colombia,Portugal,1X2,draw,,0.26748,3.45,3.85,,,0
2026-06-27,70,DR Congo,Uzbekistan,1X2,home,,0.33589,2.1,1.81,,,0
2026-06-27,70,DR Congo,Uzbekistan,1X2,away,,0.27488,3.6,4.2,,,0
2026-06-27,70,DR Congo,Uzbekistan,1X2,draw,,0.38924,3.6,4.28,,,0
2026-06-23,46,England,Ghana,1X2,home,,0.75594,1.2,1.18,0.0,0.0,1
2026-06-23,46,England,Ghana,1X2,away,,0.06267,11.5,14.5,0.0,0.0,1
2026-06-23,46,England,Ghana,1X2,draw,,0.18139,6.75,8.0,0.0,0.0,1
2026-06-23,47,Panama,Croatia,1X2,away,,0.52757,1.52,1.48,0.0,1.0,1
2026-06-23,47,Panama,Croatia,1X2,home,,0.20873,6.0,6.75,0.0,1.0,1
2026-06-23,47,Panama,Croatia,1X2,draw,,0.2637,4.0,4.5,0.0,1.0,1
2026-06-27,72,Panama,England,1X2,away,,0.72001,1.22,1.15,,,0
2026-06-27,72,Panama,England,1X2,home,,0.08687,9.5,17.0,,,0
2026-06-27,72,Panama,England,1X2,draw,,0.19312,7.5,7.8,,,0
2026-06-27,69,Croatia,Ghana,1X2,home,,0.58462,1.6,1.7,,,0
2026-06-27,69,Croatia,Ghana,1X2,away,,0.1545,6.0,5.5,,,0
2026-06-27,69,Croatia,Ghana,1X2,draw,,0.26088,3.8,3.5,,,0
2026-06-24,50,Czech Republic,Mexico,1X2,home,,0.17318,3.55,3.7,,,0
2026-06-24,50,Czech Republic,Mexico,1X2,away,,0.55724,2.04,1.98,,,0
2026-06-24,50,Czech Republic,Mexico,1X2,draw,,0.26958,4.0,4.04,,,0
2026-06-24,53,South Africa,South Korea,1X2,home,,0.1535,5.85,5.7,,,0
2026-06-24,53,South Africa,South Korea,1X2,away,,0.57868,1.64,1.69,,,0
2026-06-24,53,South Africa,South Korea,1X2,draw,,0.26782,3.95,3.9,,,0
2026-06-24,54,Switzerland,Canada,1X2,away,,0.28807,3.3,3.45,,,0
2026-06-24,54,Switzerland,Canada,1X2,home,,0.41263,2.5,2.4,,,0
2026-06-24,54,Switzerland,Canada,1X2,draw,,0.29931,3.05,3.17,,,0
2026-06-24,49,Bosnia and Herzegovina,Qatar,1X2,home,,0.58582,1.47,1.42,,,0
2026-06-24,49,Bosnia and Herzegovina,Qatar,1X2,away,,0.16512,7.25,7.55,,,0
2026-06-24,49,Bosnia and Herzegovina,Qatar,1X2,draw,,0.24906,4.75,5.35,,,0
2026-06-24,52,Scotland,Brazil,1X2,away,,0.58866,1.36,1.33,,,0
2026-06-24,52,Scotland,Brazil,1X2,home,,0.17084,7.5,9.5,,,0
2026-06-24,52,Scotland,Brazil,1X2,draw,,0.2405,4.9,5.6,,,0
2026-06-24,51,Morocco,Haiti,1X2,away,,0.05363,17.0,17.0,,,0
2026-06-24,51,Morocco,Haiti,1X2,home,,0.76681,1.16,1.16,,,0
2026-06-24,51,Morocco,Haiti,1X2,draw,,0.17956,7.5,7.5,,,0
2026-06-25,60,Turkey,United States,1X2,home,,0.37649,3.1,3.25,,,0
2026-06-25,60,Turkey,United States,1X2,away,,0.35482,1.96,1.88,,,0
2026-06-25,60,Turkey,United States,1X2,draw,,0.2687,4.2,4.1,,,0
2026-06-25,58,Paraguay,Australia,1X2,away,,0.37475,3.95,3.75,,,0
2026-06-25,58,Paraguay,Australia,1X2,home,,0.27851,2.85,2.85,,,0
2026-06-25,58,Paraguay,Australia,1X2,draw,,0.34674,2.15,2.2,,,0
2026-06-25,55,Curaçao,Ivory Coast,1X2,home,,0.06451,20.0,19.0,,,0
2026-06-25,55,Curaçao,Ivory Coast,1X2,away,,0.75861,1.16,1.18,,,0
2026-06-25,55,Curaçao,Ivory Coast,1X2,draw,,0.17688,8.25,8.2,,,0
2026-06-25,56,Ecuador,Germany,1X2,home,,0.3312,3.0,3.55,,,0
2026-06-25,56,Ecuador,Germany,1X2,away,,0.33236,1.82,1.82,,,0
2026-06-25,56,Ecuador,Germany,1X2,draw,,0.33644,3.4,4.0,,,0
2026-06-25,57,Japan,Sweden,1X2,home,,0.65621,2.1,1.96,,,0
2026-06-25,57,Japan,Sweden,1X2,away,,0.14385,3.9,4.45,,,0
2026-06-25,57,Japan,Sweden,1X2,draw,,0.19994,3.35,3.47,,,0
2026-06-25,59,Tunisia,Netherlands,1X2,away,,0.78141,1.16,1.14,,,0
2026-06-25,59,Tunisia,Netherlands,1X2,home,,0.06288,21.0,25.0,,,0
2026-06-25,59,Tunisia,Netherlands,1X2,draw,,0.15571,8.25,9.5,,,0
2026-06-25,59,Tunisia,Netherlands,OU,over,3.5,0.34314,2.18,2.17,,,0
2026-06-25,59,Tunisia,Netherlands,OU,under,3.5,0.65686,1.74,1.74,,,0
2026-06-21,37,Belgium,Iran,1X2,home,,0.43422,1.44,1.43,0.0,0.0,1
2026-06-21,37,Belgium,Iran,1X2,away,,0.29052,7.88,8.25,0.0,0.0,1
2026-06-21,37,Belgium,Iran,1X2,draw,,0.27526,4.85,4.95,0.0,0.0,1
2026-06-21,38,New Zealand,Egypt,1X2,away,,0.41669,1.6,1.56,1.0,3.0,1
2026-06-21,38,New Zealand,Egypt,1X2,home,,0.25471,6.1,6.5,1.0,3.0,1
2026-06-21,38,New Zealand,Egypt,1X2,draw,,0.3286,4.1,4.1,1.0,3.0,1
2026-06-26,62,Egypt,Iran,1X2,home,,0.29146,2.14,2.39,,,0
2026-06-26,62,Egypt,Iran,1X2,away,,0.37963,3.82,3.63,,,0
2026-06-26,62,Egypt,Iran,1X2,draw,,0.32891,3.08,2.74,,,0
2026-06-26,63,New Zealand,Belgium,1X2,away,,0.58923,1.25,1.21,,,0
2026-06-26,63,New Zealand,Belgium,1X2,home,,0.17034,14.0,16.0,,,0
2026-06-26,63,New Zealand,Belgium,1X2,draw,,0.24043,6.25,7.5,,,0
2026-06-21,39,Spain,Saudi Arabia,1X2,away,,0.04685,33.0,38.0,4.0,0.0,1
2026-06-21,39,Spain,Saudi Arabia,1X2,home,,0.80866,1.11,1.11,4.0,0.0,1
2026-06-21,39,Spain,Saudi Arabia,1X2,draw,,0.14449,11.5,11.5,4.0,0.0,1
2026-06-21,40,Uruguay,Cape Verde,1X2,away,,0.11395,9.0,9.5,2.0,2.0,1
2026-06-21,40,Uruguay,Cape Verde,1X2,home,,0.60303,1.47,1.45,2.0,2.0,1
2026-06-21,40,Uruguay,Cape Verde,1X2,draw,,0.28302,4.3,4.35,2.0,2.0,1
2026-06-26,61,Cape Verde,Saudi Arabia,1X2,home,,0.29669,2.85,2.4,,,0
2026-06-26,61,Cape Verde,Saudi Arabia,1X2,away,,0.35655,2.35,2.9,,,0
2026-06-26,61,Cape Verde,Saudi Arabia,1X2,draw,,0.34675,3.6,3.4,,,0
2026-06-26,66,Uruguay,Spain,1X2,away,,0.52328,1.5,1.47,,,0
2026-06-26,66,Uruguay,Spain,1X2,home,,0.17731,6.5,7.2,,,0
2026-06-26,66,Uruguay,Spain,1X2,draw,,0.2994,4.3,4.2,,,0
2026-06-22,42,France,Iraq,1X2,home,,0.69566,1.08,1.08,3.0,0.0,1
2026-06-22,42,France,Iraq,1X2,away,,0.09011,25.0,30.0,3.0,0.0,1
2026-06-22,42,France,Iraq,1X2,draw,,0.21424,10.0,14.0,3.0,0.0,1
2026-06-22,44,Norway,Senegal,1X2,home,,0.57124,2.34,2.24,3.0,2.0,1
2026-06-22,44,Norway,Senegal,1X2,away,,0.18919,3.23,3.45,3.0,2.0,1
2026-06-22,44,Norway,Senegal,1X2,draw,,0.23957,3.59,3.58,3.0,2.0,1
2026-06-26,64,Norway,France,1X2,away,,0.31528,1.78,1.69,,,0
2026-06-26,64,Norway,France,1X2,home,,0.41571,4.39,4.7,,,0
2026-06-26,64,Norway,France,1X2,draw,,0.26901,3.66,4.08,,,0
2026-06-26,65,Senegal,Iraq,1X2,away,,0.16165,12.0,14.0,,,0
2026-06-26,65,Senegal,Iraq,1X2,home,,0.55608,1.32,1.25,,,0
2026-06-26,65,Senegal,Iraq,1X2,draw,,0.28228,5.25,6.55,,,0
2026-06-22,41,Argentina,Austria,1X2,home,,0.64252,1.5,1.47,2.0,0.0,1
2026-06-22,41,Argentina,Austria,1X2,away,,0.09795,6.5,8.0,2.0,0.0,1
2026-06-22,41,Argentina,Austria,1X2,draw,,0.25953,3.95,4.4,2.0,0.0,1
2026-06-22,43,Jordan,Algeria,1X2,away,,0.62755,1.61,1.55,1.0,2.0,1
2026-06-22,43,Jordan,Algeria,1X2,home,,0.15681,6.36,7.07,1.0,2.0,1
2026-06-22,43,Jordan,Algeria,1X2,draw,,0.21564,4.21,4.38,1.0,2.0,1
2026-06-27,67,Algeria,Austria,1X2,home,,0.39355,2.6,3.65,,,0
2026-06-27,67,Algeria,Austria,1X2,away,,0.30915,2.25,2.65,,,0
2026-06-27,67,Algeria,Austria,1X2,draw,,0.29729,2.8,2.3,,,0
2026-06-27,71,Jordan,Argentina,1X2,away,,0.83964,1.17,1.17,,,0
2026-06-27,71,Jordan,Argentina,1X2,home,,0.03528,14.0,15.0,,,0
2026-06-27,71,Jordan,Argentina,1X2,draw,,0.12507,7.8,7.5,,,0
2026-06-23,48,Portugal,Uzbekistan,1X2,home,,0.56389,1.18,1.13,5.0,0.0,1
2026-06-23,48,Portugal,Uzbekistan,1X2,away,,0.16557,12.5,17.0,5.0,0.0,1
2026-06-23,48,Portugal,Uzbekistan,1X2,draw,,0.27054,7.0,9.5,5.0,0.0,1
2026-06-23,45,Colombia,DR Congo,1X2,home,,0.58802,1.5,1.56,1.0,0.0,1
2026-06-23,45,Colombia,DR Congo,1X2,away,,0.13437,8.0,7.0,1.0,0.0,1
2026-06-23,45,Colombia,DR Congo,1X2,draw,,0.27762,4.35,4.1,1.0,0.0,1
2026-06-27,68,Colombia,Portugal,1X2,home,,0.46835,3.55,3.85,,,0
2026-06-27,68,Colombia,Portugal,1X2,away,,0.26417,2.12,1.88,,,0
2026-06-27,68,Colombia,Portugal,1X2,draw,,0.26748,3.45,3.85,,,0
2026-06-27,70,DR Congo,Uzbekistan,1X2,home,,0.33589,2.1,1.81,,,0
2026-06-27,70,DR Congo,Uzbekistan,1X2,away,,0.27488,3.6,4.2,,,0
2026-06-27,70,DR Congo,Uzbekistan,1X2,draw,,0.38924,3.6,4.28,,,0
2026-06-23,46,England,Ghana,1X2,home,,0.75594,1.2,1.18,0.0,0.0,1
2026-06-23,46,England,Ghana,1X2,away,,0.06267,11.5,14.5,0.0,0.0,1
2026-06-23,46,England,Ghana,1X2,draw,,0.18139,6.75,8.0,0.0,0.0,1
2026-06-23,47,Panama,Croatia,1X2,away,,0.52757,1.52,1.48,0.0,1.0,1
2026-06-23,47,Panama,Croatia,1X2,home,,0.20873,6.0,6.75,0.0,1.0,1
2026-06-23,47,Panama,Croatia,1X2,draw,,0.2637,4.0,4.5,0.0,1.0,1
2026-06-27,72,Panama,England,1X2,away,,0.72001,1.22,1.15,,,0
2026-06-27,72,Panama,England,1X2,home,,0.08687,9.5,17.0,,,0
2026-06-27,72,Panama,England,1X2,draw,,0.19312,7.5,7.8,,,0
2026-06-27,69,Croatia,Ghana,1X2,home,,0.58462,1.6,1.7,,,0
2026-06-27,69,Croatia,Ghana,1X2,away,,0.1545,6.0,5.5,,,0
2026-06-27,69,Croatia,Ghana,1X2,draw,,0.26088,3.8,3.5,,,0
2026-06-24,50,Czech Republic,Mexico,1X2,home,,0.17318,3.55,3.7,,,0
2026-06-24,50,Czech Republic,Mexico,1X2,away,,0.55724,2.04,1.98,,,0
2026-06-24,50,Czech Republic,Mexico,1X2,draw,,0.26958,4.0,4.04,,,0
2026-06-24,53,South Africa,South Korea,1X2,home,,0.1535,5.85,5.7,,,0
2026-06-24,53,South Africa,South Korea,1X2,away,,0.57868,1.64,1.69,,,0
2026-06-24,53,South Africa,South Korea,1X2,draw,,0.26782,3.95,3.9,,,0
2026-06-24,54,Switzerland,Canada,1X2,away,,0.28807,3.3,3.45,,,0
2026-06-24,54,Switzerland,Canada,1X2,home,,0.41263,2.5,2.4,,,0
2026-06-24,54,Switzerland,Canada,1X2,draw,,0.29931,3.05,3.17,,,0
2026-06-24,49,Bosnia and Herzegovina,Qatar,1X2,home,,0.58582,1.44,1.42,,,0
2026-06-24,49,Bosnia and Herzegovina,Qatar,1X2,away,,0.16512,7.75,7.55,,,0
2026-06-24,49,Bosnia and Herzegovina,Qatar,1X2,draw,,0.24906,4.75,5.35,,,0
2026-06-24,52,Scotland,Brazil,1X2,away,,0.58866,1.33,1.33,,,0
2026-06-24,52,Scotland,Brazil,1X2,home,,0.17084,8.0,9.5,,,0
2026-06-24,52,Scotland,Brazil,1X2,draw,,0.2405,5.1,5.6,,,0
2026-06-24,51,Morocco,Haiti,1X2,away,,0.05363,17.0,17.0,,,0
2026-06-24,51,Morocco,Haiti,1X2,home,,0.76681,1.16,1.16,,,0
2026-06-24,51,Morocco,Haiti,1X2,draw,,0.17956,7.5,7.5,,,0
2026-06-25,60,Turkey,United States,1X2,home,,0.37649,3.1,3.25,,,0
2026-06-25,60,Turkey,United States,1X2,away,,0.35482,1.96,1.88,,,0
2026-06-25,60,Turkey,United States,1X2,draw,,0.2687,4.1,4.1,,,0
2026-06-25,58,Paraguay,Australia,1X2,away,,0.37475,3.75,3.75,,,0
2026-06-25,58,Paraguay,Australia,1X2,home,,0.27851,2.85,2.85,,,0
2026-06-25,58,Paraguay,Australia,1X2,draw,,0.34674,2.2,2.2,,,0
2026-06-25,55,Curaçao,Ivory Coast,1X2,home,,0.06451,20.0,19.0,,,0
2026-06-25,55,Curaçao,Ivory Coast,1X2,away,,0.75861,1.16,1.18,,,0
2026-06-25,55,Curaçao,Ivory Coast,1X2,draw,,0.17688,8.25,8.2,,,0
2026-06-25,56,Ecuador,Germany,1X2,home,,0.3312,3.4,3.55,,,0
2026-06-25,56,Ecuador,Germany,1X2,away,,0.33236,1.9,1.82,,,0
2026-06-25,56,Ecuador,Germany,1X2,draw,,0.33644,3.85,4.0,,,0
2026-06-25,57,Japan,Sweden,1X2,home,,0.65621,2.05,1.96,,,0
2026-06-25,57,Japan,Sweden,1X2,away,,0.14385,4.15,4.45,,,0
2026-06-25,57,Japan,Sweden,1X2,draw,,0.19994,3.3,3.47,,,0
2026-06-25,59,Tunisia,Netherlands,1X2,away,,0.78141,1.16,1.14,,,0
2026-06-25,59,Tunisia,Netherlands,1X2,home,,0.06288,21.0,25.0,,,0
2026-06-25,59,Tunisia,Netherlands,1X2,draw,,0.15571,8.25,9.5,,,0
2026-06-21,37,Belgium,Iran,1X2,home,,0.43422,1.43,1.43,0.0,0.0,1
2026-06-21,37,Belgium,Iran,1X2,away,,0.29052,8.25,8.25,0.0,0.0,1
2026-06-21,37,Belgium,Iran,1X2,draw,,0.27526,4.95,4.95,0.0,0.0,1
2026-06-21,38,New Zealand,Egypt,1X2,away,,0.41669,1.56,1.56,1.0,3.0,1
2026-06-21,38,New Zealand,Egypt,1X2,home,,0.25471,6.5,6.5,1.0,3.0,1
2026-06-21,38,New Zealand,Egypt,1X2,draw,,0.3286,4.1,4.1,1.0,3.0,1
2026-06-26,62,Egypt,Iran,1X2,home,,0.29146,2.14,2.39,,,0
2026-06-26,62,Egypt,Iran,1X2,away,,0.37963,3.82,3.63,,,0
2026-06-26,62,Egypt,Iran,1X2,draw,,0.32891,3.08,2.74,,,0
2026-06-26,63,New Zealand,Belgium,1X2,away,,0.58923,1.25,1.21,,,0
2026-06-26,63,New Zealand,Belgium,1X2,home,,0.17034,14.0,16.0,,,0
2026-06-26,63,New Zealand,Belgium,1X2,draw,,0.24043,6.25,7.5,,,0
2026-06-21,39,Spain,Saudi Arabia,1X2,away,,0.04685,38.0,38.0,4.0,0.0,1
2026-06-21,39,Spain,Saudi Arabia,1X2,home,,0.80866,1.11,1.11,4.0,0.0,1
2026-06-21,39,Spain,Saudi Arabia,1X2,draw,,0.14449,11.5,11.5,4.0,0.0,1
2026-06-21,40,Uruguay,Cape Verde,1X2,away,,0.11395,9.5,9.5,2.0,2.0,1
2026-06-21,40,Uruguay,Cape Verde,1X2,home,,0.60303,1.45,1.45,2.0,2.0,1
2026-06-21,40,Uruguay,Cape Verde,1X2,draw,,0.28302,4.35,4.35,2.0,2.0,1
2026-06-26,61,Cape Verde,Saudi Arabia,1X2,home,,0.29669,2.85,2.4,,,0
2026-06-26,61,Cape Verde,Saudi Arabia,1X2,away,,0.35655,2.35,2.9,,,0
2026-06-26,61,Cape Verde,Saudi Arabia,1X2,draw,,0.34675,3.6,3.4,,,0
2026-06-26,66,Uruguay,Spain,1X2,away,,0.52328,1.5,1.47,,,0
2026-06-26,66,Uruguay,Spain,1X2,home,,0.17731,6.5,7.2,,,0
2026-06-26,66,Uruguay,Spain,1X2,draw,,0.2994,4.3,4.2,,,0
2026-06-22,42,France,Iraq,1X2,home,,0.69566,1.08,1.08,3.0,0.0,1
2026-06-22,42,France,Iraq,1X2,away,,0.09011,25.0,30.0,3.0,0.0,1
2026-06-22,42,France,Iraq,1X2,draw,,0.21424,10.0,14.0,3.0,0.0,1
2026-06-22,44,Norway,Senegal,1X2,home,,0.57124,2.35,2.24,3.0,2.0,1
2026-06-22,44,Norway,Senegal,1X2,away,,0.18919,3.22,3.45,3.0,2.0,1
2026-06-22,44,Norway,Senegal,1X2,draw,,0.23957,3.57,3.58,3.0,2.0,1
2026-06-26,64,Norway,France,1X2,away,,0.31528,1.78,1.69,,,0
2026-06-26,64,Norway,France,1X2,home,,0.41571,4.39,4.7,,,0
2026-06-26,64,Norway,France,1X2,draw,,0.26901,3.66,4.08,,,0
2026-06-26,65,Senegal,Iraq,1X2,away,,0.16165,12.0,14.0,,,0
2026-06-26,65,Senegal,Iraq,1X2,home,,0.55608,1.32,1.25,,,0
2026-06-26,65,Senegal,Iraq,1X2,draw,,0.28228,5.25,6.55,,,0
2026-06-22,41,Argentina,Austria,1X2,home,,0.64252,1.51,1.47,2.0,0.0,1
2026-06-22,41,Argentina,Austria,1X2,away,,0.09795,6.25,8.0,2.0,0.0,1
2026-06-22,41,Argentina,Austria,1X2,draw,,0.25953,3.95,4.4,2.0,0.0,1
2026-06-22,43,Jordan,Algeria,1X2,away,,0.62755,1.61,1.55,1.0,2.0,1
2026-06-22,43,Jordan,Algeria,1X2,home,,0.15681,6.36,7.07,1.0,2.0,1
2026-06-22,43,Jordan,Algeria,1X2,draw,,0.21564,4.21,4.38,1.0,2.0,1
2026-06-27,67,Algeria,Austria,1X2,home,,0.39355,2.6,3.65,,,0
2026-06-27,67,Algeria,Austria,1X2,away,,0.30915,2.25,2.65,,,0
2026-06-27,67,Algeria,Austria,1X2,draw,,0.29729,2.8,2.3,,,0
2026-06-27,71,Jordan,Argentina,1X2,away,,0.83964,1.17,1.17,,,0
2026-06-27,71,Jordan,Argentina,1X2,home,,0.03528,14.0,15.0,,,0
2026-06-27,71,Jordan,Argentina,1X2,draw,,0.12507,7.8,7.5,,,0
2026-06-23,48,Portugal,Uzbekistan,1X2,home,,0.56389,1.18,1.13,5.0,0.0,1
2026-06-23,48,Portugal,Uzbekistan,1X2,away,,0.16557,12.5,17.0,5.0,0.0,1
2026-06-23,48,Portugal,Uzbekistan,1X2,draw,,0.27054,7.0,9.5,5.0,0.0,1
2026-06-23,45,Colombia,DR Congo,1X2,home,,0.58802,1.5,1.56,1.0,0.0,1
2026-06-23,45,Colombia,DR Congo,1X2,away,,0.13437,8.0,7.0,1.0,0.0,1
2026-06-23,45,Colombia,DR Congo,1X2,draw,,0.27762,4.35,4.1,1.0,0.0,1
2026-06-23,45,Colombia,DR Congo,AH,home,-0.5,0.58802,1.53,1.56,1.0,0.0,1
2026-06-23,45,Colombia,DR Congo,AH,away,-0.5,0.41198,2.52,2.43,1.0,0.0,1
2026-06-27,68,Colombia,Portugal,1X2,home,,0.46835,3.55,3.85,,,0
2026-06-27,68,Colombia,Portugal,1X2,away,,0.26417,2.12,1.88,,,0
2026-06-27,68,Colombia,Portugal,1X2,draw,,0.26748,3.45,3.85,,,0
2026-06-27,70,DR Congo,Uzbekistan,1X2,home,,0.33589,2.1,1.81,,,0
2026-06-27,70,DR Congo,Uzbekistan,1X2,away,,0.27488,3.6,4.2,,,0
2026-06-27,70,DR Congo,Uzbekistan,1X2,draw,,0.38924,3.6,4.28,,,0
2026-06-23,46,England,Ghana,1X2,home,,0.75594,1.2,1.18,0.0,0.0,1
2026-06-23,46,England,Ghana,1X2,away,,0.06267,11.5,14.5,0.0,0.0,1
2026-06-23,46,England,Ghana,1X2,draw,,0.18139,6.75,8.0,0.0,0.0,1
2026-06-23,47,Panama,Croatia,1X2,away,,0.52757,1.52,1.48,0.0,1.0,1
2026-06-23,47,Panama,Croatia,1X2,home,,0.20873,6.0,6.75,0.0,1.0,1
2026-06-23,47,Panama,Croatia,1X2,draw,,0.2637,4.1,4.5,0.0,1.0,1
2026-06-27,72,Panama,England,1X2,away,,0.72001,1.22,1.15,,,0
2026-06-27,72,Panama,England,1X2,home,,0.08687,9.5,17.0,,,0
2026-06-27,72,Panama,England,1X2,draw,,0.19312,7.5,7.8,,,0
2026-06-27,69,Croatia,Ghana,1X2,home,,0.58462,1.6,1.7,,,0
2026-06-27,69,Croatia,Ghana,1X2,away,,0.1545,6.0,5.5,,,0
2026-06-27,69,Croatia,Ghana,1X2,draw,,0.26088,3.8,3.5,,,0
2026-06-24,50,Czech Republic,Mexico,1X2,home,,0.17318,3.55,3.7,,,0
2026-06-24,50,Czech Republic,Mexico,1X2,away,,0.55724,2.04,1.98,,,0
2026-06-24,50,Czech Republic,Mexico,1X2,draw,,0.26958,4.0,4.04,,,0
2026-06-24,53,South Africa,South Korea,1X2,home,,0.1535,5.85,5.7,,,0
2026-06-24,53,South Africa,South Korea,1X2,away,,0.57868,1.64,1.69,,,0
2026-06-24,53,South Africa,South Korea,1X2,draw,,0.26782,3.95,3.9,,,0
2026-06-24,54,Switzerland,Canada,1X2,away,,0.28807,3.3,3.45,,,0
2026-06-24,54,Switzerland,Canada,1X2,home,,0.41263,2.5,2.4,,,0
2026-06-24,54,Switzerland,Canada,1X2,draw,,0.29931,3.05,3.17,,,0
2026-06-24,49,Bosnia and Herzegovina,Qatar,1X2,home,,0.58582,1.44,1.42,,,0
2026-06-24,49,Bosnia and Herzegovina,Qatar,1X2,away,,0.16512,7.75,7.55,,,0
2026-06-24,49,Bosnia and Herzegovina,Qatar,1X2,draw,,0.24906,4.75,5.35,,,0
2026-06-24,52,Scotland,Brazil,1X2,away,,0.58866,1.33,1.33,,,0
2026-06-24,52,Scotland,Brazil,1X2,home,,0.17084,8.0,9.5,,,0
2026-06-24,52,Scotland,Brazil,1X2,draw,,0.2405,5.1,5.6,,,0
2026-06-24,51,Morocco,Haiti,1X2,away,,0.05363,17.0,17.0,,,0
2026-06-24,51,Morocco,Haiti,1X2,home,,0.76681,1.16,1.16,,,0
2026-06-24,51,Morocco,Haiti,1X2,draw,,0.17956,7.5,7.5,,,0
2026-06-25,60,Turkey,United States,1X2,home,,0.37649,3.1,3.25,,,0
2026-06-25,60,Turkey,United States,1X2,away,,0.35482,1.96,1.88,,,0
2026-06-25,60,Turkey,United States,1X2,draw,,0.2687,4.1,4.1,,,0
2026-06-25,58,Paraguay,Australia,1X2,away,,0.37475,3.75,3.75,,,0
2026-06-25,58,Paraguay,Australia,1X2,home,,0.27851,2.85,2.85,,,0
2026-06-25,58,Paraguay,Australia,1X2,draw,,0.34674,2.2,2.2,,,0
2026-06-25,55,Curaçao,Ivory Coast,1X2,home,,0.06451,20.0,19.0,,,0
2026-06-25,55,Curaçao,Ivory Coast,1X2,away,,0.75861,1.16,1.18,,,0
2026-06-25,55,Curaçao,Ivory Coast,1X2,draw,,0.17688,8.25,8.2,,,0
2026-06-25,56,Ecuador,Germany,1X2,home,,0.3312,3.4,3.55,,,0
2026-06-25,56,Ecuador,Germany,1X2,away,,0.33236,1.9,1.82,,,0
2026-06-25,56,Ecuador,Germany,1X2,draw,,0.33644,3.85,4.0,,,0
2026-06-25,57,Japan,Sweden,1X2,home,,0.65621,2.05,1.96,,,0
2026-06-25,57,Japan,Sweden,1X2,away,,0.14385,4.15,4.45,,,0
2026-06-25,57,Japan,Sweden,1X2,draw,,0.19994,3.3,3.47,,,0
2026-06-25,59,Tunisia,Netherlands,1X2,away,,0.78141,1.16,1.14,,,0
2026-06-25,59,Tunisia,Netherlands,1X2,home,,0.06288,21.0,25.0,,,0
2026-06-25,59,Tunisia,Netherlands,1X2,draw,,0.15571,8.25,9.5,,,0
2026-06-21,37,Belgium,Iran,1X2,home,,0.43422,1.43,1.43,0.0,0.0,1
2026-06-21,37,Belgium,Iran,1X2,away,,0.29052,8.25,8.25,0.0,0.0,1
2026-06-21,37,Belgium,Iran,1X2,draw,,0.27526,4.95,4.95,0.0,0.0,1
2026-06-21,38,New Zealand,Egypt,1X2,away,,0.41669,1.56,1.56,1.0,3.0,1
2026-06-21,38,New Zealand,Egypt,1X2,home,,0.25471,6.5,6.5,1.0,3.0,1
2026-06-21,38,New Zealand,Egypt,1X2,draw,,0.3286,4.1,4.1,1.0,3.0,1
2026-06-21,38,New Zealand,Egypt,AH,away,1.5,0.17555,2.71,2.71,1.0,3.0,1
2026-06-21,38,New Zealand,Egypt,AH,home,1.5,0.82445,1.47,1.47,1.0,3.0,1
2026-06-26,62,Egypt,Iran,1X2,home,,0.29146,2.14,2.39,,,0
2026-06-26,62,Egypt,Iran,1X2,away,,0.37963,3.82,3.63,,,0
2026-06-26,62,Egypt,Iran,1X2,draw,,0.32891,3.08,2.74,,,0
2026-06-26,63,New Zealand,Belgium,1X2,away,,0.58923,1.25,1.21,,,0
2026-06-26,63,New Zealand,Belgium,1X2,home,,0.17034,14.0,16.0,,,0
2026-06-26,63,New Zealand,Belgium,1X2,draw,,0.24043,6.25,7.5,,,0
2026-06-21,39,Spain,Saudi Arabia,1X2,away,,0.04685,38.0,38.0,4.0,0.0,1
2026-06-21,39,Spain,Saudi Arabia,1X2,home,,0.80866,1.11,1.11,4.0,0.0,1
2026-06-21,39,Spain,Saudi Arabia,1X2,draw,,0.14449,11.5,11.5,4.0,0.0,1
2026-06-21,40,Uruguay,Cape Verde,1X2,away,,0.11395,9.5,9.5,2.0,2.0,1
2026-06-21,40,Uruguay,Cape Verde,1X2,home,,0.60303,1.45,1.45,2.0,2.0,1
2026-06-21,40,Uruguay,Cape Verde,1X2,draw,,0.28302,4.35,4.35,2.0,2.0,1
2026-06-26,61,Cape Verde,Saudi Arabia,1X2,home,,0.29669,2.85,2.4,,,0
2026-06-26,61,Cape Verde,Saudi Arabia,1X2,away,,0.35655,2.35,2.9,,,0
2026-06-26,61,Cape Verde,Saudi Arabia,1X2,draw,,0.34675,3.6,3.4,,,0
2026-06-26,66,Uruguay,Spain,1X2,away,,0.52328,1.5,1.47,,,0
2026-06-26,66,Uruguay,Spain,1X2,home,,0.17731,6.5,7.2,,,0
2026-06-26,66,Uruguay,Spain,1X2,draw,,0.2994,4.3,4.2,,,0
2026-06-22,42,France,Iraq,1X2,home,,0.69566,1.08,1.08,3.0,0.0,1
2026-06-22,42,France,Iraq,1X2,away,,0.09011,25.0,30.0,3.0,0.0,1
2026-06-22,42,France,Iraq,1X2,draw,,0.21424,10.0,14.0,3.0,0.0,1
2026-06-22,44,Norway,Senegal,1X2,home,,0.57124,2.35,2.24,3.0,2.0,1
2026-06-22,44,Norway,Senegal,1X2,away,,0.18919,3.22,3.45,3.0,2.0,1
2026-06-22,44,Norway,Senegal,1X2,draw,,0.23957,3.57,3.58,3.0,2.0,1
2026-06-26,64,Norway,France,1X2,away,,0.31528,1.78,1.69,,,0
2026-06-26,64,Norway,France,1X2,home,,0.41571,4.39,4.7,,,0
2026-06-26,64,Norway,France,1X2,draw,,0.26901,3.66,4.08,,,0
2026-06-26,64,Norway,France,AH,away,1.5,0.1373,3.18,2.65,,,0
2026-06-26,64,Norway,France,AH,home,1.5,0.8627,1.36,1.49,,,0
2026-06-26,65,Senegal,Iraq,1X2,away,,0.16165,12.0,14.0,,,0
2026-06-26,65,Senegal,Iraq,1X2,home,,0.55608,1.32,1.25,,,0
2026-06-26,65,Senegal,Iraq,1X2,draw,,0.28228,5.25,6.55,,,0
2026-06-22,41,Argentina,Austria,1X2,home,,0.64252,1.49,1.47,2.0,0.0,1
2026-06-22,41,Argentina,Austria,1X2,away,,0.09795,6.75,8.0,2.0,0.0,1
2026-06-22,41,Argentina,Austria,1X2,draw,,0.25953,4.0,4.4,2.0,0.0,1
2026-06-22,43,Jordan,Algeria,1X2,away,,0.62755,1.61,1.55,1.0,2.0,1
2026-06-22,43,Jordan,Algeria,1X2,home,,0.15681,6.36,7.07,1.0,2.0,1
2026-06-22,43,Jordan,Algeria,1X2,draw,,0.21564,4.21,4.38,1.0,2.0,1
2026-06-27,67,Algeria,Austria,1X2,home,,0.39355,2.6,3.65,,,0
2026-06-27,67,Algeria,Austria,1X2,away,,0.30915,2.25,2.65,,,0
2026-06-27,67,Algeria,Austria,1X2,draw,,0.29729,2.8,2.3,,,0
2026-06-27,71,Jordan,Argentina,1X2,away,,0.83964,1.17,1.17,,,0
2026-06-27,71,Jordan,Argentina,1X2,home,,0.03528,14.0,15.0,,,0
2026-06-27,71,Jordan,Argentina,1X2,draw,,0.12507,7.8,7.5,,,0
2026-06-23,48,Portugal,Uzbekistan,1X2,home,,0.56389,1.18,1.13,5.0,0.0,1
2026-06-23,48,Portugal,Uzbekistan,1X2,away,,0.16557,12.5,17.0,5.0,0.0,1
2026-06-23,48,Portugal,Uzbekistan,1X2,draw,,0.27054,7.0,9.5,5.0,0.0,1
2026-06-23,45,Colombia,DR Congo,1X2,home,,0.58802,1.5,1.56,1.0,0.0,1
2026-06-23,45,Colombia,DR Congo,1X2,away,,0.13437,8.0,7.0,1.0,0.0,1
2026-06-23,45,Colombia,DR Congo,1X2,draw,,0.27762,4.35,4.1,1.0,0.0,1
2026-06-27,68,Colombia,Portugal,1X2,home,,0.46835,3.55,3.85,,,0
2026-06-27,68,Colombia,Portugal,1X2,away,,0.26417,2.12,1.88,,,0
2026-06-27,68,Colombia,Portugal,1X2,draw,,0.26748,3.45,3.85,,,0
2026-06-27,70,DR Congo,Uzbekistan,1X2,home,,0.33589,2.1,1.81,,,0
2026-06-27,70,DR Congo,Uzbekistan,1X2,away,,0.27488,3.6,4.2,,,0
2026-06-27,70,DR Congo,Uzbekistan,1X2,draw,,0.38924,3.6,4.28,,,0
2026-06-23,46,England,Ghana,1X2,home,,0.75594,1.2,1.18,0.0,0.0,1
2026-06-23,46,England,Ghana,1X2,away,,0.06267,11.5,14.5,0.0,0.0,1
2026-06-23,46,England,Ghana,1X2,draw,,0.18139,6.75,8.0,0.0,0.0,1
2026-06-23,47,Panama,Croatia,1X2,away,,0.52757,1.52,1.48,0.0,1.0,1
2026-06-23,47,Panama,Croatia,1X2,home,,0.20873,6.0,6.75,0.0,1.0,1
2026-06-23,47,Panama,Croatia,1X2,draw,,0.2637,4.1,4.5,0.0,1.0,1
2026-06-27,72,Panama,England,1X2,away,,0.72001,1.22,1.15,,,0
2026-06-27,72,Panama,England,1X2,home,,0.08687,9.5,17.0,,,0
2026-06-27,72,Panama,England,1X2,draw,,0.19312,7.5,7.8,,,0
2026-06-27,69,Croatia,Ghana,1X2,home,,0.58462,1.6,1.7,,,0
2026-06-27,69,Croatia,Ghana,1X2,away,,0.1545,6.0,5.5,,,0
2026-06-27,69,Croatia,Ghana,1X2,draw,,0.26088,3.8,3.5,,,0
2026-06-24,50,Czech Republic,Mexico,1X2,home,,0.17923,3.65,3.7,,,0
2026-06-24,50,Czech Republic,Mexico,1X2,away,,0.5534,1.96,1.98,,,0
2026-06-24,50,Czech Republic,Mexico,1X2,draw,,0.26738,4.05,4.04,,,0
2026-06-24,53,South Africa,South Korea,1X2,home,,0.16654,5.85,5.7,,,0
2026-06-24,53,South Africa,South Korea,1X2,away,,0.55628,1.64,1.69,,,0
2026-06-24,53,South Africa,South Korea,1X2,draw,,0.27718,3.95,3.9,,,0
2026-06-24,54,Switzerland,Canada,1X2,away,,0.28721,3.3,3.45,,,0
2026-06-24,54,Switzerland,Canada,1X2,home,,0.41593,2.5,2.4,,,0
2026-06-24,54,Switzerland,Canada,1X2,draw,,0.29685,3.05,3.17,,,0
2026-06-24,49,Bosnia and Herzegovina,Qatar,1X2,home,,0.59989,1.47,1.42,,,0
2026-06-24,49,Bosnia and Herzegovina,Qatar,1X2,away,,0.16018,7.25,7.55,,,0
2026-06-24,49,Bosnia and Herzegovina,Qatar,1X2,draw,,0.23993,4.75,5.35,,,0
2026-06-24,52,Scotland,Brazil,1X2,away,,0.58154,1.36,1.33,,,0
2026-06-24,52,Scotland,Brazil,1X2,home,,0.17586,7.5,9.5,,,0
2026-06-24,52,Scotland,Brazil,1X2,draw,,0.2426,5.0,5.6,,,0
2026-06-24,51,Morocco,Haiti,1X2,away,,0.04535,17.0,17.0,,,0
2026-06-24,51,Morocco,Haiti,1X2,home,,0.7974,1.16,1.16,,,0
2026-06-24,51,Morocco,Haiti,1X2,draw,,0.15725,7.5,7.5,,,0
2026-06-25,60,Turkey,United States,1X2,home,,0.41964,3.25,3.25,,,0
2026-06-25,60,Turkey,United States,1X2,away,,0.31328,1.88,1.88,,,0
2026-06-25,60,Turkey,United States,1X2,draw,,0.26708,4.1,4.1,,,0
2026-06-25,58,Paraguay,Australia,1X2,away,,0.36583,3.75,3.75,,,0
2026-06-25,58,Paraguay,Australia,1X2,home,,0.28469,2.85,2.85,,,0
2026-06-25,58,Paraguay,Australia,1X2,draw,,0.34948,2.2,2.2,,,0
2026-06-25,55,Curaçao,Ivory Coast,1X2,home,,0.06183,20.0,19.0,,,0
2026-06-25,55,Curaçao,Ivory Coast,1X2,away,,0.76544,1.17,1.18,,,0
2026-06-25,55,Curaçao,Ivory Coast,1X2,draw,,0.17273,8.0,8.2,,,0
2026-06-25,56,Ecuador,Germany,1X2,home,,0.31579,3.4,3.55,,,0
2026-06-25,56,Ecuador,Germany,1X2,away,,0.34438,1.9,1.82,,,0
2026-06-25,56,Ecuador,Germany,1X2,draw,,0.33983,3.85,4.0,,,0
2026-06-25,57,Japan,Sweden,1X2,home,,0.61615,1.96,1.96,,,0
2026-06-25,57,Japan,Sweden,1X2,away,,0.16519,4.45,4.45,,,0
2026-06-25,57,Japan,Sweden,1X2,draw,,0.21866,3.47,3.47,,,0
2026-06-25,59,Tunisia,Netherlands,1X2,away,,0.79113,1.14,1.14,,,0
2026-06-25,59,Tunisia,Netherlands,1X2,home,,0.06035,23.0,25.0,,,0
2026-06-25,59,Tunisia,Netherlands,1X2,draw,,0.14851,9.0,9.5,,,0
2026-06-26,62,Egypt,Iran,1X2,home,,0.31602,2.39,2.39,,,0
2026-06-26,62,Egypt,Iran,1X2,away,,0.34965,3.63,3.63,,,0
2026-06-26,62,Egypt,Iran,1X2,draw,,0.33433,2.88,2.74,,,0
2026-06-26,62,Egypt,Iran,OU,over,1.5,0.57235,1.52,1.57,,,0
2026-06-26,62,Egypt,Iran,OU,under,1.5,0.42765,2.55,2.47,,,0
2026-06-26,63,New Zealand,Belgium,1X2,away,,0.65279,1.23,1.21,,,0
2026-06-26,63,New Zealand,Belgium,1X2,home,,0.13336,12.51,16.0,,,0
2026-06-26,63,New Zealand,Belgium,1X2,draw,,0.21385,6.33,7.5,,,0
2026-06-26,63,New Zealand,Belgium,OU,over,2.5,0.53519,1.65,1.65,,,0
2026-06-26,63,New Zealand,Belgium,OU,under,2.5,0.46481,2.29,2.29,,,0
2026-06-26,61,Cape Verde,Saudi Arabia,1X2,home,,0.3368,2.3,2.4,,,0
2026-06-26,61,Cape Verde,Saudi Arabia,1X2,away,,0.32392,3.0,2.9,,,0
2026-06-26,61,Cape Verde,Saudi Arabia,1X2,draw,,0.33927,3.5,3.4,,,0
2026-06-26,61,Cape Verde,Saudi Arabia,AH,home,-0.5,0.3368,2.25,2.44,,,0
2026-06-26,61,Cape Verde,Saudi Arabia,AH,away,-0.5,0.6632,1.65,1.56,,,0
2026-06-26,66,Uruguay,Spain,1X2,away,,0.57617,1.45,1.47,,,0
2026-06-26,66,Uruguay,Spain,1X2,home,,0.15207,7.5,7.2,,,0
2026-06-26,66,Uruguay,Spain,1X2,draw,,0.27177,4.3,4.2,,,0
2026-06-22,42,France,Iraq,1X2,home,,0.72822,1.08,1.08,3.0,0.0,1
2026-06-22,42,France,Iraq,1X2,away,,0.07793,30.0,30.0,3.0,0.0,1
2026-06-22,42,France,Iraq,1X2,draw,,0.19384,14.0,14.0,3.0,0.0,1
2026-06-22,44,Norway,Senegal,1X2,home,,0.5456,2.21,2.24,3.0,2.0,1
2026-06-22,44,Norway,Senegal,1X2,away,,0.20033,3.48,3.45,3.0,2.0,1
2026-06-22,44,Norway,Senegal,1X2,draw,,0.25406,3.62,3.58,3.0,2.0,1
2026-06-26,64,Norway,France,1X2,away,,0.33899,1.78,1.69,,,0
2026-06-26,64,Norway,France,1X2,home,,0.38927,4.39,4.7,,,0
2026-06-26,64,Norway,France,1X2,draw,,0.27173,3.66,4.08,,,0
2026-06-26,65,Senegal,Iraq,1X2,away,,0.15085,12.0,14.0,,,0
2026-06-26,65,Senegal,Iraq,1X2,home,,0.57005,1.32,1.25,,,0
2026-06-26,65,Senegal,Iraq,1X2,draw,,0.2791,5.25,6.55,,,0
2026-06-22,41,Argentina,Austria,1X2,home,,0.61705,1.47,1.47,2.0,0.0,1
2026-06-22,41,Argentina,Austria,1X2,away,,0.1112,8.0,8.0,2.0,0.0,1
2026-06-22,41,Argentina,Austria,1X2,draw,,0.27174,4.4,4.4,2.0,0.0,1
2026-06-22,41,Argentina,Austria,AH,home,-1.5,0.33033,2.4,2.4,2.0,0.0,1
2026-06-22,41,Argentina,Austria,AH,away,-1.5,0.66967,1.59,1.59,2.0,0.0,1
2026-06-22,43,Jordan,Algeria,1X2,away,,0.60369,1.56,1.55,1.0,2.0,1
2026-06-22,43,Jordan,Algeria,1X2,home,,0.16501,6.92,7.07,1.0,2.0,1
2026-06-22,43,Jordan,Algeria,1X2,draw,,0.2313,4.38,4.38,1.0,2.0,1
2026-06-27,67,Algeria,Austria,1X2,home,,0.34381,2.6,3.65,,,0
2026-06-27,67,Algeria,Austria,1X2,away,,0.34759,2.25,2.65,,,0
2026-06-27,67,Algeria,Austria,1X2,draw,,0.3086,2.8,2.3,,,0
2026-06-27,71,Jordan,Argentina,1X2,away,,0.84226,1.17,1.17,,,0
2026-06-27,71,Jordan,Argentina,1X2,home,,0.03448,14.0,15.0,,,0
2026-06-27,71,Jordan,Argentina,1X2,draw,,0.12326,7.8,7.5,,,0
2026-06-23,48,Portugal,Uzbekistan,1X2,home,,0.58411,1.17,1.13,5.0,0.0,1
2026-06-23,48,Portugal,Uzbekistan,1X2,away,,0.15589,13.5,17.0,5.0,0.0,1
2026-06-23,48,Portugal,Uzbekistan,1X2,draw,,0.26,7.25,9.5,5.0,0.0,1
2026-06-23,45,Colombia,DR Congo,1X2,home,,0.58179,1.51,1.56,1.0,0.0,1
2026-06-23,45,Colombia,DR Congo,1X2,away,,0.13764,7.5,7.0,1.0,0.0,1
2026-06-23,45,Colombia,DR Congo,1X2,draw,,0.28058,4.1,4.1,1.0,0.0,1
2026-06-27,68,Colombia,Portugal,1X2,home,,0.44048,3.65,3.85,,,0
2026-06-27,68,Colombia,Portugal,1X2,away,,0.28598,2.08,1.88,,,0
2026-06-27,68,Colombia,Portugal,1X2,draw,,0.27354,3.5,3.85,,,0
2026-06-27,70,DR Congo,Uzbekistan,1X2,home,,0.33823,2.1,1.81,,,0
2026-06-27,70,DR Congo,Uzbekistan,1X2,away,,0.27949,3.6,4.2,,,0
2026-06-27,70,DR Congo,Uzbekistan,1X2,draw,,0.38228,3.6,4.28,,,0
2026-06-23,46,England,Ghana,1X2,home,,0.77476,1.2,1.18,0.0,0.0,1
2026-06-23,46,England,Ghana,1X2,away,,0.05749,11.5,14.5,0.0,0.0,1
2026-06-23,46,England,Ghana,1X2,draw,,0.16775,6.75,8.0,0.0,0.0,1
2026-06-23,47,Panama,Croatia,1X2,away,,0.56267,1.52,1.48,0.0,1.0,1
2026-06-23,47,Panama,Croatia,1X2,home,,0.18773,6.0,6.75,0.0,1.0,1
2026-06-23,47,Panama,Croatia,1X2,draw,,0.2496,4.0,4.5,0.0,1.0,1
2026-06-27,72,Panama,England,1X2,away,,0.7459,1.22,1.15,,,0
2026-06-27,72,Panama,England,1X2,home,,0.07635,9.5,17.0,,,0
2026-06-27,72,Panama,England,1X2,draw,,0.17775,7.5,7.8,,,0
2026-06-27,69,Croatia,Ghana,1X2,home,,0.61065,1.6,1.7,,,0
2026-06-27,69,Croatia,Ghana,1X2,away,,0.14408,6.0,5.5,,,0
2026-06-27,69,Croatia,Ghana,1X2,draw,,0.24527,3.8,3.5,,,0
2026-06-24,50,Czech Republic,Mexico,1X2,home,,0.17923,3.65,3.7,,,0
2026-06-24,50,Czech Republic,Mexico,1X2,away,,0.5534,1.96,1.98,,,0
2026-06-24,50,Czech Republic,Mexico,1X2,draw,,0.26738,4.05,4.04,,,0
2026-06-24,53,South Africa,South Korea,1X2,home,,0.16654,5.85,5.7,,,0
2026-06-24,53,South Africa,South Korea,1X2,away,,0.55628,1.64,1.69,,,0
2026-06-24,53,South Africa,South Korea,1X2,draw,,0.27718,3.95,3.9,,,0
2026-06-24,54,Switzerland,Canada,1X2,away,,0.28721,3.3,3.45,,,0
2026-06-24,54,Switzerland,Canada,1X2,home,,0.41593,2.5,2.4,,,0
2026-06-24,54,Switzerland,Canada,1X2,draw,,0.29685,3.05,3.17,,,0
2026-06-24,49,Bosnia and Herzegovina,Qatar,1X2,home,,0.59989,1.45,1.42,,,0
2026-06-24,49,Bosnia and Herzegovina,Qatar,1X2,away,,0.16018,7.5,7.55,,,0
2026-06-24,49,Bosnia and Herzegovina,Qatar,1X2,draw,,0.23993,4.75,5.35,,,0
2026-06-24,52,Scotland,Brazil,1X2,away,,0.58154,1.36,1.33,,,0
2026-06-24,52,Scotland,Brazil,1X2,home,,0.17586,7.5,9.5,,,0
2026-06-24,52,Scotland,Brazil,1X2,draw,,0.2426,5.0,5.6,,,0
2026-06-24,51,Morocco,Haiti,1X2,away,,0.04535,17.0,17.0,,,0
2026-06-24,51,Morocco,Haiti,1X2,home,,0.7974,1.16,1.16,,,0
2026-06-24,51,Morocco,Haiti,1X2,draw,,0.15725,7.5,7.5,,,0
2026-06-25,60,Turkey,United States,1X2,home,,0.41964,3.25,3.25,,,0
2026-06-25,60,Turkey,United States,1X2,away,,0.31328,1.88,1.88,,,0
2026-06-25,60,Turkey,United States,1X2,draw,,0.26708,4.1,4.1,,,0
2026-06-25,58,Paraguay,Australia,1X2,away,,0.36583,3.75,3.75,,,0
2026-06-25,58,Paraguay,Australia,1X2,home,,0.28469,2.85,2.85,,,0
2026-06-25,58,Paraguay,Australia,1X2,draw,,0.34948,2.2,2.2,,,0
2026-06-25,55,Curaçao,Ivory Coast,1X2,home,,0.06183,20.0,19.0,,,0
2026-06-25,55,Curaçao,Ivory Coast,1X2,away,,0.76544,1.17,1.18,,,0
2026-06-25,55,Curaçao,Ivory Coast,1X2,draw,,0.17273,8.0,8.2,,,0
2026-06-25,56,Ecuador,Germany,1X2,home,,0.31579,3.4,3.55,,,0
2026-06-25,56,Ecuador,Germany,1X2,away,,0.34438,1.9,1.82,,,0
2026-06-25,56,Ecuador,Germany,1X2,draw,,0.33983,3.85,4.0,,,0
2026-06-25,57,Japan,Sweden,1X2,home,,0.61615,1.96,1.96,,,0
2026-06-25,57,Japan,Sweden,1X2,away,,0.16519,4.45,4.45,,,0
2026-06-25,57,Japan,Sweden,1X2,draw,,0.21866,3.47,3.47,,,0
2026-06-25,59,Tunisia,Netherlands,1X2,away,,0.79113,1.14,1.14,,,0
2026-06-25,59,Tunisia,Netherlands,1X2,home,,0.06035,23.0,25.0,,,0
2026-06-25,59,Tunisia,Netherlands,1X2,draw,,0.14851,9.0,9.5,,,0
2026-06-26,62,Egypt,Iran,1X2,home,,0.31602,2.39,2.39,,,0
2026-06-26,62,Egypt,Iran,1X2,away,,0.34965,3.63,3.63,,,0
2026-06-26,62,Egypt,Iran,1X2,draw,,0.33433,2.88,2.74,,,0
2026-06-26,63,New Zealand,Belgium,1X2,away,,0.65279,1.23,1.21,,,0
2026-06-26,63,New Zealand,Belgium,1X2,home,,0.13336,12.51,16.0,,,0
2026-06-26,63,New Zealand,Belgium,1X2,draw,,0.21385,6.65,7.5,,,0
2026-06-26,61,Cape Verde,Saudi Arabia,1X2,home,,0.3368,2.3,2.4,,,0
2026-06-26,61,Cape Verde,Saudi Arabia,1X2,away,,0.32392,3.0,2.9,,,0
2026-06-26,61,Cape Verde,Saudi Arabia,1X2,draw,,0.33927,3.5,3.4,,,0
2026-06-26,66,Uruguay,Spain,1X2,away,,0.57617,1.45,1.47,,,0
2026-06-26,66,Uruguay,Spain,1X2,home,,0.15207,7.5,7.2,,,0
2026-06-26,66,Uruguay,Spain,1X2,draw,,0.27177,4.3,4.2,,,0
2026-06-22,42,France,Iraq,1X2,home,,0.72822,1.08,1.08,3.0,0.0,1
2026-06-22,42,France,Iraq,1X2,away,,0.07793,30.0,30.0,3.0,0.0,1
2026-06-22,42,France,Iraq,1X2,draw,,0.19384,14.0,14.0,3.0,0.0,1
2026-06-22,44,Norway,Senegal,1X2,home,,0.5456,2.24,2.24,3.0,2.0,1
2026-06-22,44,Norway,Senegal,1X2,away,,0.20033,3.45,3.45,3.0,2.0,1
2026-06-22,44,Norway,Senegal,1X2,draw,,0.25406,3.58,3.58,3.0,2.0,1
2026-06-26,64,Norway,France,1X2,away,,0.33899,1.78,1.69,,,0
2026-06-26,64,Norway,France,1X2,home,,0.38927,4.39,4.7,,,0
2026-06-26,64,Norway,France,1X2,draw,,0.27173,3.66,4.08,,,0
2026-06-26,65,Senegal,Iraq,1X2,away,,0.15085,12.0,14.0,,,0
2026-06-26,65,Senegal,Iraq,1X2,home,,0.57005,1.32,1.25,,,0
2026-06-26,65,Senegal,Iraq,1X2,draw,,0.2791,5.25,6.55,,,0
2026-06-22,41,Argentina,Austria,1X2,home,,0.61705,1.47,1.47,2.0,0.0,1
2026-06-22,41,Argentina,Austria,1X2,away,,0.1112,8.0,8.0,2.0,0.0,1
2026-06-22,41,Argentina,Austria,1X2,draw,,0.27174,4.4,4.4,2.0,0.0,1
2026-06-22,43,Jordan,Algeria,1X2,away,,0.60369,1.55,1.55,1.0,2.0,1
2026-06-22,43,Jordan,Algeria,1X2,home,,0.16501,7.07,7.07,1.0,2.0,1
2026-06-22,43,Jordan,Algeria,1X2,draw,,0.2313,4.38,4.38,1.0,2.0,1
2026-06-27,67,Algeria,Austria,1X2,home,,0.34381,2.6,3.65,,,0
2026-06-27,67,Algeria,Austria,1X2,away,,0.34759,2.25,2.65,,,0
2026-06-27,67,Algeria,Austria,1X2,draw,,0.3086,2.8,2.3,,,0
2026-06-27,71,Jordan,Argentina,1X2,away,,0.84226,1.17,1.17,,,0
2026-06-27,71,Jordan,Argentina,1X2,home,,0.03448,14.0,15.0,,,0
2026-06-27,71,Jordan,Argentina,1X2,draw,,0.12326,7.8,7.5,,,0
2026-06-23,48,Portugal,Uzbekistan,1X2,home,,0.58411,1.18,1.13,5.0,0.0,1
2026-06-23,48,Portugal,Uzbekistan,1X2,away,,0.15589,13.5,17.0,5.0,0.0,1
2026-06-23,48,Portugal,Uzbekistan,1X2,draw,,0.26,7.5,9.5,5.0,0.0,1
2026-06-23,45,Colombia,DR Congo,1X2,home,,0.58179,1.51,1.56,1.0,0.0,1
2026-06-23,45,Colombia,DR Congo,1X2,away,,0.13764,7.5,7.0,1.0,0.0,1
2026-06-23,45,Colombia,DR Congo,1X2,draw,,0.28058,4.1,4.1,1.0,0.0,1
2026-06-27,68,Colombia,Portugal,1X2,home,,0.44048,3.65,3.85,,,0
2026-06-27,68,Colombia,Portugal,1X2,away,,0.28598,2.08,1.88,,,0
2026-06-27,68,Colombia,Portugal,1X2,draw,,0.27354,3.5,3.85,,,0
2026-06-27,70,DR Congo,Uzbekistan,1X2,home,,0.33823,2.1,1.81,,,0
2026-06-27,70,DR Congo,Uzbekistan,1X2,away,,0.27949,3.6,4.2,,,0
2026-06-27,70,DR Congo,Uzbekistan,1X2,draw,,0.38228,3.6,4.28,,,0
2026-06-23,46,England,Ghana,1X2,home,,0.77476,1.21,1.18,0.0,0.0,1
2026-06-23,46,England,Ghana,1X2,away,,0.05749,12.0,14.5,0.0,0.0,1
2026-06-23,46,England,Ghana,1X2,draw,,0.16775,7.0,8.0,0.0,0.0,1
2026-06-23,47,Panama,Croatia,1X2,away,,0.56267,1.52,1.48,0.0,1.0,1
2026-06-23,47,Panama,Croatia,1X2,home,,0.18773,6.25,6.75,0.0,1.0,1
2026-06-23,47,Panama,Croatia,1X2,draw,,0.2496,4.2,4.5,0.0,1.0,1
2026-06-23,47,Panama,Croatia,AH,away,1.5,0.31873,2.49,2.41,0.0,1.0,1
2026-06-23,47,Panama,Croatia,AH,home,1.5,0.68127,1.54,1.59,0.0,1.0,1
2026-06-27,72,Panama,England,1X2,away,,0.7459,1.22,1.15,,,0
2026-06-27,72,Panama,England,1X2,home,,0.07635,9.5,17.0,,,0
2026-06-27,72,Panama,England,1X2,draw,,0.17775,7.5,7.8,,,0
2026-06-27,69,Croatia,Ghana,1X2,home,,0.61065,1.6,1.7,,,0
2026-06-27,69,Croatia,Ghana,1X2,away,,0.14408,6.0,5.5,,,0
2026-06-27,69,Croatia,Ghana,1X2,draw,,0.24527,3.8,3.5,,,0
2026-06-24,50,Czech Republic,Mexico,1X2,home,,0.17923,3.75,3.7,,,0
2026-06-24,50,Czech Republic,Mexico,1X2,away,,0.5534,1.94,1.98,,,0
2026-06-24,50,Czech Republic,Mexico,1X2,draw,,0.26738,4.05,4.04,,,0
2026-06-24,53,South Africa,South Korea,1X2,home,,0.16654,5.85,5.7,,,0
2026-06-24,53,South Africa,South Korea,1X2,away,,0.55628,1.64,1.69,,,0
2026-06-24,53,South Africa,South Korea,1X2,draw,,0.27718,3.95,3.9,,,0
2026-06-24,54,Switzerland,Canada,1X2,away,,0.28721,3.45,3.45,,,0
2026-06-24,54,Switzerland,Canada,1X2,home,,0.41593,2.45,2.4,,,0
2026-06-24,54,Switzerland,Canada,1X2,draw,,0.29685,3.1,3.17,,,0
2026-06-24,49,Bosnia and Herzegovina,Qatar,1X2,home,,0.59989,1.43,1.42,,,0
2026-06-24,49,Bosnia and Herzegovina,Qatar,1X2,away,,0.16018,7.75,7.55,,,0
2026-06-24,49,Bosnia and Herzegovina,Qatar,1X2,draw,,0.23993,5.1,5.35,,,0
2026-06-24,52,Scotland,Brazil,1X2,away,,0.58154,1.34,1.33,,,0
2026-06-24,52,Scotland,Brazil,1X2,home,,0.17586,8.0,9.5,,,0
2026-06-24,52,Scotland,Brazil,1X2,draw,,0.2426,5.1,5.6,,,0
2026-06-24,51,Morocco,Haiti,1X2,away,,0.04535,17.0,17.0,,,0
2026-06-24,51,Morocco,Haiti,1X2,home,,0.7974,1.16,1.16,,,0
2026-06-24,51,Morocco,Haiti,1X2,draw,,0.15725,7.5,7.5,,,0
2026-06-25,60,Turkey,United States,1X2,home,,0.41964,3.25,3.25,,,0
2026-06-25,60,Turkey,United States,1X2,away,,0.31328,1.88,1.88,,,0
2026-06-25,60,Turkey,United States,1X2,draw,,0.26708,4.1,4.1,,,0
2026-06-25,58,Paraguay,Australia,1X2,away,,0.36583,3.75,3.75,,,0
2026-06-25,58,Paraguay,Australia,1X2,home,,0.28469,2.85,2.85,,,0
2026-06-25,58,Paraguay,Australia,1X2,draw,,0.34948,2.2,2.2,,,0
2026-06-25,55,Curaçao,Ivory Coast,1X2,home,,0.06183,18.0,19.0,,,0
2026-06-25,55,Curaçao,Ivory Coast,1X2,away,,0.76544,1.18,1.18,,,0
2026-06-25,55,Curaçao,Ivory Coast,1X2,draw,,0.17273,8.0,8.2,,,0
2026-06-25,56,Ecuador,Germany,1X2,home,,0.31579,3.4,3.55,,,0
2026-06-25,56,Ecuador,Germany,1X2,away,,0.34438,1.9,1.82,,,0
2026-06-25,56,Ecuador,Germany,1X2,draw,,0.33983,3.85,4.0,,,0
2026-06-25,57,Japan,Sweden,1X2,home,,0.61615,1.96,1.96,,,0
2026-06-25,57,Japan,Sweden,1X2,away,,0.16519,4.45,4.45,,,0
2026-06-25,57,Japan,Sweden,1X2,draw,,0.21866,3.47,3.47,,,0
2026-06-25,59,Tunisia,Netherlands,1X2,away,,0.79113,1.14,1.14,,,0
2026-06-25,59,Tunisia,Netherlands,1X2,home,,0.06035,23.0,25.0,,,0
2026-06-25,59,Tunisia,Netherlands,1X2,draw,,0.14851,9.0,9.5,,,0
2026-06-26,62,Egypt,Iran,1X2,home,,0.31602,2.39,2.39,,,0
2026-06-26,62,Egypt,Iran,1X2,away,,0.34965,3.63,3.63,,,0
2026-06-26,62,Egypt,Iran,1X2,draw,,0.33433,2.74,2.74,,,0
2026-06-26,63,New Zealand,Belgium,1X2,away,,0.65279,1.21,1.21,,,0
2026-06-26,63,New Zealand,Belgium,1X2,home,,0.13336,16.0,16.0,,,0
2026-06-26,63,New Zealand,Belgium,1X2,draw,,0.21385,7.5,7.5,,,0
2026-06-26,61,Cape Verde,Saudi Arabia,1X2,home,,0.3368,2.3,2.4,,,0
2026-06-26,61,Cape Verde,Saudi Arabia,1X2,away,,0.32392,3.0,2.9,,,0
2026-06-26,61,Cape Verde,Saudi Arabia,1X2,draw,,0.33927,3.5,3.4,,,0
2026-06-26,66,Uruguay,Spain,1X2,away,,0.57617,1.45,1.47,,,0
2026-06-26,66,Uruguay,Spain,1X2,home,,0.15207,7.5,7.2,,,0
2026-06-26,66,Uruguay,Spain,1X2,draw,,0.27177,4.3,4.2,,,0
2026-06-26,64,Norway,France,1X2,away,,0.33899,1.69,1.69,,,0
2026-06-26,64,Norway,France,1X2,home,,0.38927,4.67,4.7,,,0
2026-06-26,64,Norway,France,1X2,draw,,0.27173,4.08,4.08,,,0
2026-06-26,65,Senegal,Iraq,1X2,away,,0.15085,14.0,14.0,,,0
2026-06-26,65,Senegal,Iraq,1X2,home,,0.57005,1.25,1.25,,,0
2026-06-26,65,Senegal,Iraq,1X2,draw,,0.2791,6.55,6.55,,,0
2026-06-26,65,Senegal,Iraq,OU,over,3.0,0.15821,1.94,1.88,,,0
2026-06-26,65,Senegal,Iraq,OU,under,3.0,0.65415,1.93,1.99,,,0
2026-06-27,67,Algeria,Austria,1X2,home,,0.34381,3.2,3.65,,,0
2026-06-27,67,Algeria,Austria,1X2,away,,0.34759,2.4,2.65,,,0
2026-06-27,67,Algeria,Austria,1X2,draw,,0.3086,2.2,2.3,,,0
2026-06-27,67,Algeria,Austria,OU,over,2.0,0.37172,1.89,2.04,,,0
2026-06-27,67,Algeria,Austria,OU,under,2.0,0.35184,1.97,1.83,,,0
2026-06-27,71,Jordan,Argentina,1X2,away,,0.84226,1.18,1.17,,,0
2026-06-27,71,Jordan,Argentina,1X2,home,,0.03448,15.0,15.0,,,0
2026-06-27,71,Jordan,Argentina,1X2,draw,,0.12326,7.0,7.5,,,0
2026-06-23,48,Portugal,Uzbekistan,1X2,home,,0.58411,1.14,1.13,5.0,0.0,1
2026-06-23,48,Portugal,Uzbekistan,1X2,away,,0.15589,17.0,17.0,5.0,0.0,1
2026-06-23,48,Portugal,Uzbekistan,1X2,draw,,0.26,9.5,9.5,5.0,0.0,1
2026-06-23,48,Portugal,Uzbekistan,OU,over,3.5,0.2046,2.27,2.27,5.0,0.0,1
2026-06-23,48,Portugal,Uzbekistan,OU,under,3.5,0.7954,1.68,1.68,5.0,0.0,1
2026-06-23,48,Portugal,Uzbekistan,AH,home,-2.5,0.13929,2.12,2.14,5.0,0.0,1
2026-06-23,48,Portugal,Uzbekistan,AH,away,-2.5,0.86071,1.77,1.76,5.0,0.0,1
2026-06-23,45,Colombia,DR Congo,1X2,home,,0.58179,1.56,1.56,1.0,0.0,1
2026-06-23,45,Colombia,DR Congo,1X2,away,,0.13764,7.0,7.0,1.0,0.0,1
2026-06-23,45,Colombia,DR Congo,1X2,draw,,0.28058,4.1,4.1,1.0,0.0,1
2026-06-27,68,Colombia,Portugal,1X2,home,,0.44048,3.7,3.85,,,0
2026-06-27,68,Colombia,Portugal,1X2,away,,0.28598,2.08,1.88,,,0
2026-06-27,68,Colombia,Portugal,1X2,draw,,0.27354,3.4,3.85,,,0
2026-06-27,70,DR Congo,Uzbekistan,1X2,home,,0.33823,2.1,1.81,,,0
2026-06-27,70,DR Congo,Uzbekistan,1X2,away,,0.27949,3.6,4.2,,,0
2026-06-27,70,DR Congo,Uzbekistan,1X2,draw,,0.38228,3.6,4.28,,,0
2026-06-23,46,England,Ghana,1X2,home,,0.77476,1.18,1.18,0.0,0.0,1
2026-06-23,46,England,Ghana,1X2,away,,0.05749,14.0,14.5,0.0,0.0,1
2026-06-23,46,England,Ghana,1X2,draw,,0.16775,7.75,8.0,0.0,0.0,1
2026-06-23,47,Panama,Croatia,1X2,away,,0.56267,1.5,1.48,0.0,1.0,1
2026-06-23,47,Panama,Croatia,1X2,home,,0.18773,6.25,6.75,0.0,1.0,1
2026-06-23,47,Panama,Croatia,1X2,draw,,0.2496,4.5,4.5,0.0,1.0,1
2026-06-27,72,Panama,England,1X2,away,,0.7459,1.18,1.15,,,0
2026-06-27,72,Panama,England,1X2,home,,0.07635,13.0,17.0,,,0
2026-06-27,72,Panama,England,1X2,draw,,0.17775,7.5,7.8,,,0
2026-06-27,72,Panama,England,OU,over,3.5,0.30327,2.18,2.13,,,0
2026-06-27,72,Panama,England,OU,under,3.5,0.69673,1.73,1.77,,,0
2026-06-27,69,Croatia,Ghana,1X2,home,,0.61065,1.6,1.7,,,0
2026-06-27,69,Croatia,Ghana,1X2,away,,0.14408,6.0,5.5,,,0
2026-06-27,69,Croatia,Ghana,1X2,draw,,0.24527,3.8,3.5,,,0
2026-06-24,50,Czech Republic,Mexico,1X2,home,,0.1651,3.75,3.7,,,0
2026-06-24,50,Czech Republic,Mexico,1X2,away,,0.57119,1.94,1.98,,,0
2026-06-24,50,Czech Republic,Mexico,1X2,draw,,0.26371,4.05,4.04,,,0
2026-06-24,53,South Africa,South Korea,1X2,home,,0.16008,5.5,5.7,,,0
2026-06-24,53,South Africa,South Korea,1X2,away,,0.56943,1.72,1.69,,,0
2026-06-24,53,South Africa,South Korea,1X2,draw,,0.27049,3.85,3.9,,,0
2026-06-24,54,Switzerland,Canada,1X2,away,,0.29951,3.45,3.45,,,0
2026-06-24,54,Switzerland,Canada,1X2,home,,0.40006,2.45,2.4,,,0
2026-06-24,54,Switzerland,Canada,1X2,draw,,0.30043,3.1,3.17,,,0
2026-06-24,49,Bosnia and Herzegovina,Qatar,1X2,home,,0.57718,1.41,1.42,,,0
2026-06-24,49,Bosnia and Herzegovina,Qatar,1X2,away,,0.17464,8.0,7.55,,,0
2026-06-24,49,Bosnia and Herzegovina,Qatar,1X2,draw,,0.24818,5.3,5.35,,,0
2026-06-24,52,Scotland,Brazil,1X2,away,,0.58173,1.33,1.33,,,0
2026-06-24,52,Scotland,Brazil,1X2,home,,0.17476,8.0,9.5,,,0
2026-06-24,52,Scotland,Brazil,1X2,draw,,0.24351,5.1,5.6,,,0
2026-06-24,51,Morocco,Haiti,1X2,away,,0.05261,19.0,17.0,,,0
2026-06-24,51,Morocco,Haiti,1X2,home,,0.77045,1.15,1.16,,,0
2026-06-24,51,Morocco,Haiti,1X2,draw,,0.17694,7.5,7.5,,,0
2026-06-25,60,Turkey,United States,1X2,home,,0.40335,3.25,3.25,,,0
2026-06-25,60,Turkey,United States,1X2,away,,0.32922,1.88,1.88,,,0
2026-06-25,60,Turkey,United States,1X2,draw,,0.26743,4.1,4.1,,,0
2026-06-25,58,Paraguay,Australia,1X2,away,,0.36537,3.75,3.75,,,0
2026-06-25,58,Paraguay,Australia,1X2,home,,0.28624,2.85,2.85,,,0
2026-06-25,58,Paraguay,Australia,1X2,draw,,0.34838,2.2,2.2,,,0
2026-06-25,55,Curaçao,Ivory Coast,1X2,home,,0.06093,19.0,19.0,,,0
2026-06-25,55,Curaçao,Ivory Coast,1X2,away,,0.76747,1.17,1.18,,,0
2026-06-25,55,Curaçao,Ivory Coast,1X2,draw,,0.1716,8.25,8.2,,,0
2026-06-25,56,Ecuador,Germany,1X2,home,,0.33963,3.5,3.55,,,0
2026-06-25,56,Ecuador,Germany,1X2,away,,0.32206,1.86,1.82,,,0
2026-06-25,56,Ecuador,Germany,1X2,draw,,0.33832,3.9,4.0,,,0
2026-06-25,57,Japan,Sweden,1X2,home,,0.63636,1.96,1.96,,,0
2026-06-25,57,Japan,Sweden,1X2,away,,0.15184,4.45,4.45,,,0
2026-06-25,57,Japan,Sweden,1X2,draw,,0.2118,3.47,3.47,,,0
2026-06-25,59,Tunisia,Netherlands,1X2,away,,0.77657,1.14,1.14,,,0
2026-06-25,59,Tunisia,Netherlands,1X2,home,,0.06517,23.0,25.0,,,0
2026-06-25,59,Tunisia,Netherlands,1X2,draw,,0.15826,9.0,9.5,,,0
2026-06-26,62,Egypt,Iran,1X2,home,,0.31864,2.39,2.39,,,0
2026-06-26,62,Egypt,Iran,1X2,away,,0.34966,3.63,3.63,,,0
2026-06-26,62,Egypt,Iran,1X2,draw,,0.3317,2.74,2.74,,,0
2026-06-26,62,Egypt,Iran,AH,home,0.5,0.65034,1.29,1.29,,,0
2026-06-26,62,Egypt,Iran,AH,away,0.5,0.34966,3.66,3.66,,,0
2026-06-26,63,New Zealand,Belgium,1X2,away,,0.60405,1.21,1.21,,,0
2026-06-26,63,New Zealand,Belgium,1X2,home,,0.16041,16.0,16.0,,,0
2026-06-26,63,New Zealand,Belgium,1X2,draw,,0.23554,7.5,7.5,,,0
2026-06-26,61,Cape Verde,Saudi Arabia,1X2,home,,0.33635,2.3,2.4,,,0
2026-06-26,61,Cape Verde,Saudi Arabia,1X2,away,,0.32743,3.0,2.9,,,0
2026-06-26,61,Cape Verde,Saudi Arabia,1X2,draw,,0.33621,3.5,3.4,,,0
2026-06-26,61,Cape Verde,Saudi Arabia,AH,home,-1.5,0.12641,4.94,4.94,,,0
2026-06-26,61,Cape Verde,Saudi Arabia,AH,away,-1.5,0.87359,1.18,1.18,,,0
2026-06-26,66,Uruguay,Spain,1X2,away,,0.54716,1.45,1.47,,,0
2026-06-26,66,Uruguay,Spain,1X2,home,,0.16927,7.5,7.2,,,0
2026-06-26,66,Uruguay,Spain,1X2,draw,,0.28357,4.3,4.2,,,0
2026-06-26,64,Norway,France,1X2,away,,0.33496,1.69,1.69,,,0
2026-06-26,64,Norway,France,1X2,home,,0.39508,4.99,4.7,,,0
2026-06-26,64,Norway,France,1X2,draw,,0.26996,4.08,4.08,,,0
2026-06-26,65,Senegal,Iraq,1X2,away,,0.14882,14.0,14.0,,,0
2026-06-26,65,Senegal,Iraq,1X2,home,,0.58305,1.25,1.25,,,0
2026-06-26,65,Senegal,Iraq,1X2,draw,,0.26813,6.55,6.55,,,0
2026-06-27,67,Algeria,Austria,1X2,home,,0.32455,3.5,3.65,,,0
2026-06-27,67,Algeria,Austria,1X2,away,,0.37444,2.6,2.65,,,0
2026-06-27,67,Algeria,Austria,1X2,draw,,0.30101,2.45,2.3,,,0
2026-06-27,71,Jordan,Argentina,1X2,away,,0.88486,1.18,1.17,,,0
2026-06-27,71,Jordan,Argentina,1X2,home,,0.02151,15.0,15.0,,,0
2026-06-27,71,Jordan,Argentina,1X2,draw,,0.09364,7.0,7.5,,,0
2026-06-23,48,Portugal,Uzbekistan,1X2,home,,0.5608,1.13,1.13,5.0,0.0,1
2026-06-23,48,Portugal,Uzbekistan,1X2,away,,0.17018,17.0,17.0,5.0,0.0,1
2026-06-23,48,Portugal,Uzbekistan,1X2,draw,,0.26902,9.5,9.5,5.0,0.0,1
2026-06-23,45,Colombia,DR Congo,1X2,home,,0.5737,1.56,1.56,1.0,0.0,1
2026-06-23,45,Colombia,DR Congo,1X2,away,,0.13973,7.0,7.0,1.0,0.0,1
2026-06-23,45,Colombia,DR Congo,1X2,draw,,0.28657,4.1,4.1,1.0,0.0,1
2026-06-27,68,Colombia,Portugal,1X2,home,,0.45501,3.7,3.85,,,0
2026-06-27,68,Colombia,Portugal,1X2,away,,0.27219,2.08,1.88,,,0
2026-06-27,68,Colombia,Portugal,1X2,draw,,0.2728,3.4,3.85,,,0
2026-06-27,70,DR Congo,Uzbekistan,1X2,home,,0.33342,2.1,1.81,,,0
2026-06-27,70,DR Congo,Uzbekistan,1X2,away,,0.28195,3.6,4.2,,,0
2026-06-27,70,DR Congo,Uzbekistan,1X2,draw,,0.38463,3.6,4.28,,,0
2026-06-23,46,England,Ghana,1X2,home,,0.75351,1.18,1.18,0.0,0.0,1
2026-06-23,46,England,Ghana,1X2,away,,0.06398,14.5,14.5,0.0,0.0,1
2026-06-23,46,England,Ghana,1X2,draw,,0.18251,8.0,8.0,0.0,0.0,1
2026-06-23,46,England,Ghana,AH,home,-2.5,0.27069,2.42,2.42,0.0,0.0,1
2026-06-23,46,England,Ghana,AH,away,-2.5,0.72931,1.57,1.57,0.0,0.0,1
2026-06-23,47,Panama,Croatia,1X2,away,,0.537,1.48,1.48,0.0,1.0,1
2026-06-23,47,Panama,Croatia,1X2,home,,0.20579,6.75,6.75,0.0,1.0,1
2026-06-23,47,Panama,Croatia,1X2,draw,,0.25721,4.5,4.5,0.0,1.0,1
2026-06-27,72,Panama,England,1X2,away,,0.71636,1.17,1.15,,,0
2026-06-27,72,Panama,England,1X2,home,,0.09029,14.0,17.0,,,0
2026-06-27,72,Panama,England,1X2,draw,,0.19335,7.8,7.8,,,0
2026-06-27,69,Croatia,Ghana,1X2,home,,0.59634,1.62,1.7,,,0
2026-06-27,69,Croatia,Ghana,1X2,away,,0.14893,6.0,5.5,,,0
2026-06-27,69,Croatia,Ghana,1X2,draw,,0.25473,3.7,3.5,,,0
2026-06-24,50,Czech Republic,Mexico,1X2,home,,0.1651,3.75,3.7,,,0
2026-06-24,50,Czech Republic,Mexico,1X2,away,,0.57119,1.94,1.98,,,0
2026-06-24,50,Czech Republic,Mexico,1X2,draw,,0.26371,4.05,4.04,,,0
2026-06-24,53,South Africa,South Korea,1X2,home,,0.16008,5.5,5.7,,,0
2026-06-24,53,South Africa,South Korea,1X2,away,,0.56943,1.72,1.69,,,0
2026-06-24,53,South Africa,South Korea,1X2,draw,,0.27049,3.85,3.9,,,0
2026-06-24,54,Switzerland,Canada,1X2,away,,0.29951,3.45,3.45,,,0
2026-06-24,54,Switzerland,Canada,1X2,home,,0.40006,2.45,2.4,,,0
2026-06-24,54,Switzerland,Canada,1X2,draw,,0.30043,3.1,3.17,,,0
2026-06-24,49,Bosnia and Herzegovina,Qatar,1X2,home,,0.57718,1.41,1.42,,,0
2026-06-24,49,Bosnia and Herzegovina,Qatar,1X2,away,,0.17464,8.0,7.55,,,0
2026-06-24,49,Bosnia and Herzegovina,Qatar,1X2,draw,,0.24818,5.3,5.35,,,0
2026-06-24,52,Scotland,Brazil,1X2,away,,0.58173,1.33,1.33,,,0
2026-06-24,52,Scotland,Brazil,1X2,home,,0.17476,8.0,9.5,,,0
2026-06-24,52,Scotland,Brazil,1X2,draw,,0.24351,5.2,5.6,,,0
2026-06-24,51,Morocco,Haiti,1X2,away,,0.05261,19.0,17.0,,,0
2026-06-24,51,Morocco,Haiti,1X2,home,,0.77045,1.15,1.16,,,0
2026-06-24,51,Morocco,Haiti,1X2,draw,,0.17694,7.5,7.5,,,0
2026-06-25,60,Turkey,United States,1X2,home,,0.40335,3.25,3.25,,,0
2026-06-25,60,Turkey,United States,1X2,away,,0.32922,1.88,1.88,,,0
2026-06-25,60,Turkey,United States,1X2,draw,,0.26743,4.1,4.1,,,0
2026-06-25,58,Paraguay,Australia,1X2,away,,0.36537,3.75,3.75,,,0
2026-06-25,58,Paraguay,Australia,1X2,home,,0.28624,2.85,2.85,,,0
2026-06-25,58,Paraguay,Australia,1X2,draw,,0.34838,2.2,2.2,,,0
2026-06-25,55,Curaçao,Ivory Coast,1X2,home,,0.06093,19.0,19.0,,,0
2026-06-25,55,Curaçao,Ivory Coast,1X2,away,,0.76747,1.17,1.18,,,0
2026-06-25,55,Curaçao,Ivory Coast,1X2,draw,,0.1716,8.25,8.2,,,0
2026-06-25,56,Ecuador,Germany,1X2,home,,0.33963,3.5,3.55,,,0
2026-06-25,56,Ecuador,Germany,1X2,away,,0.32206,1.86,1.82,,,0
2026-06-25,56,Ecuador,Germany,1X2,draw,,0.33832,3.9,4.0,,,0
2026-06-25,57,Japan,Sweden,1X2,home,,0.63636,1.96,1.96,,,0
2026-06-25,57,Japan,Sweden,1X2,away,,0.15184,4.45,4.45,,,0
2026-06-25,57,Japan,Sweden,1X2,draw,,0.2118,3.47,3.47,,,0
2026-06-25,59,Tunisia,Netherlands,1X2,away,,0.77657,1.14,1.14,,,0
2026-06-25,59,Tunisia,Netherlands,1X2,home,,0.06517,23.0,25.0,,,0
2026-06-25,59,Tunisia,Netherlands,1X2,draw,,0.15826,9.0,9.5,,,0
2026-06-26,62,Egypt,Iran,1X2,home,,0.31864,2.39,2.39,,,0
2026-06-26,62,Egypt,Iran,1X2,away,,0.34966,3.63,3.63,,,0
2026-06-26,62,Egypt,Iran,1X2,draw,,0.3317,2.74,2.74,,,0
2026-06-26,63,New Zealand,Belgium,1X2,away,,0.60405,1.21,1.21,,,0
2026-06-26,63,New Zealand,Belgium,1X2,home,,0.16041,16.0,16.0,,,0
2026-06-26,63,New Zealand,Belgium,1X2,draw,,0.23554,7.5,7.5,,,0
2026-06-26,61,Cape Verde,Saudi Arabia,1X2,home,,0.33635,2.3,2.4,,,0
2026-06-26,61,Cape Verde,Saudi Arabia,1X2,away,,0.32743,3.0,2.9,,,0
2026-06-26,61,Cape Verde,Saudi Arabia,1X2,draw,,0.33621,3.5,3.4,,,0
2026-06-26,66,Uruguay,Spain,1X2,away,,0.54716,1.45,1.47,,,0
2026-06-26,66,Uruguay,Spain,1X2,home,,0.16927,7.5,7.2,,,0
2026-06-26,66,Uruguay,Spain,1X2,draw,,0.28357,4.3,4.2,,,0
2026-06-26,64,Norway,France,1X2,away,,0.33496,1.69,1.69,,,0
2026-06-26,64,Norway,France,1X2,home,,0.39508,4.99,4.7,,,0
2026-06-26,64,Norway,France,1X2,draw,,0.26996,4.08,4.08,,,0
2026-06-26,65,Senegal,Iraq,1X2,away,,0.14882,14.0,14.0,,,0
2026-06-26,65,Senegal,Iraq,1X2,home,,0.58305,1.25,1.25,,,0
2026-06-26,65,Senegal,Iraq,1X2,draw,,0.26813,6.55,6.55,,,0
2026-06-27,67,Algeria,Austria,1X2,home,,0.32455,3.5,3.65,,,0
2026-06-27,67,Algeria,Austria,1X2,away,,0.37444,2.6,2.65,,,0
2026-06-27,67,Algeria,Austria,1X2,draw,,0.30101,2.45,2.3,,,0
2026-06-27,71,Jordan,Argentina,1X2,away,,0.88486,1.18,1.17,,,0
2026-06-27,71,Jordan,Argentina,1X2,home,,0.02151,15.0,15.0,,,0
2026-06-27,71,Jordan,Argentina,1X2,draw,,0.09364,7.0,7.5,,,0
2026-06-23,48,Portugal,Uzbekistan,1X2,home,,0.5608,1.13,1.13,5.0,0.0,1
2026-06-23,48,Portugal,Uzbekistan,1X2,away,,0.17018,17.0,17.0,5.0,0.0,1
2026-06-23,48,Portugal,Uzbekistan,1X2,draw,,0.26902,9.5,9.5,5.0,0.0,1
2026-06-23,45,Colombia,DR Congo,1X2,home,,0.5737,1.56,1.56,1.0,0.0,1
2026-06-23,45,Colombia,DR Congo,1X2,away,,0.13973,7.0,7.0,1.0,0.0,1
2026-06-23,45,Colombia,DR Congo,1X2,draw,,0.28657,4.1,4.1,1.0,0.0,1
2026-06-27,68,Colombia,Portugal,1X2,home,,0.45501,3.7,3.85,,,0
2026-06-27,68,Colombia,Portugal,1X2,away,,0.27219,2.08,1.88,,,0
2026-06-27,68,Colombia,Portugal,1X2,draw,,0.2728,3.4,3.85,,,0
2026-06-27,70,DR Congo,Uzbekistan,1X2,home,,0.33342,2.1,1.81,,,0
2026-06-27,70,DR Congo,Uzbekistan,1X2,away,,0.28195,3.6,4.2,,,0
2026-06-27,70,DR Congo,Uzbekistan,1X2,draw,,0.38463,3.6,4.28,,,0
2026-06-23,46,England,Ghana,1X2,home,,0.75351,1.18,1.18,0.0,0.0,1
2026-06-23,46,England,Ghana,1X2,away,,0.06398,14.5,14.5,0.0,0.0,1
2026-06-23,46,England,Ghana,1X2,draw,,0.18251,8.0,8.0,0.0,0.0,1
2026-06-23,47,Panama,Croatia,1X2,away,,0.537,1.48,1.48,0.0,1.0,1
2026-06-23,47,Panama,Croatia,1X2,home,,0.20579,6.75,6.75,0.0,1.0,1
2026-06-23,47,Panama,Croatia,1X2,draw,,0.25721,4.5,4.5,0.0,1.0,1
2026-06-27,72,Panama,England,1X2,away,,0.71636,1.17,1.15,,,0
2026-06-27,72,Panama,England,1X2,home,,0.09029,14.0,17.0,,,0
2026-06-27,72,Panama,England,1X2,draw,,0.19335,7.8,7.8,,,0
2026-06-27,69,Croatia,Ghana,1X2,home,,0.59634,1.62,1.7,,,0
2026-06-27,69,Croatia,Ghana,1X2,away,,0.14893,6.0,5.5,,,0
2026-06-27,69,Croatia,Ghana,1X2,draw,,0.25473,3.7,3.5,,,0
2026-06-24,50,Czech Republic,Mexico,1X2,home,,0.15777,3.7,3.7,,,0
2026-06-24,50,Czech Republic,Mexico,1X2,away,,0.58646,1.98,1.98,,,0
2026-06-24,50,Czech Republic,Mexico,1X2,draw,,0.25576,4.04,4.04,,,0
2026-06-24,53,South Africa,South Korea,1X2,home,,0.15715,5.7,5.7,,,0
2026-06-24,53,South Africa,South Korea,1X2,away,,0.57344,1.69,1.69,,,0
2026-06-24,53,South Africa,South Korea,1X2,draw,,0.26941,3.9,3.9,,,0
2026-06-24,54,Switzerland,Canada,1X2,away,,0.30211,3.45,3.45,,,0
2026-06-24,54,Switzerland,Canada,1X2,home,,0.39975,2.4,2.4,,,0
2026-06-24,54,Switzerland,Canada,1X2,draw,,0.29814,3.17,3.17,,,0
2026-06-24,49,Bosnia and Herzegovina,Qatar,1X2,home,,0.60514,1.42,1.42,,,0
2026-06-24,49,Bosnia and Herzegovina,Qatar,1X2,away,,0.15794,7.55,7.55,,,0
2026-06-24,49,Bosnia and Herzegovina,Qatar,1X2,draw,,0.23692,5.35,5.35,,,0
2026-06-24,52,Scotland,Brazil,1X2,away,,0.589,1.33,1.33,,,0
2026-06-24,52,Scotland,Brazil,1X2,home,,0.17314,9.5,9.5,,,0
2026-06-24,52,Scotland,Brazil,1X2,draw,,0.23786,5.6,5.6,,,0
2026-06-24,51,Morocco,Haiti,1X2,away,,0.05158,17.0,17.0,,,0
2026-06-24,51,Morocco,Haiti,1X2,home,,0.77444,1.16,1.16,,,0
2026-06-24,51,Morocco,Haiti,1X2,draw,,0.17398,7.5,7.5,,,0
2026-06-25,60,Turkey,United States,1X2,home,,0.40797,3.25,3.25,,,0
2026-06-25,60,Turkey,United States,1X2,away,,0.33142,1.88,1.88,,,0
2026-06-25,60,Turkey,United States,1X2,draw,,0.2606,4.1,4.1,,,0
2026-06-25,58,Paraguay,Australia,1X2,away,,0.36393,3.75,3.75,,,0
2026-06-25,58,Paraguay,Australia,1X2,home,,0.28383,2.85,2.85,,,0
2026-06-25,58,Paraguay,Australia,1X2,draw,,0.35224,2.2,2.2,,,0
2026-06-25,55,Curaçao,Ivory Coast,1X2,home,,0.05817,19.0,19.0,,,0
2026-06-25,55,Curaçao,Ivory Coast,1X2,away,,0.77678,1.18,1.18,,,0
2026-06-25,55,Curaçao,Ivory Coast,1X2,draw,,0.16505,8.2,8.2,,,0
2026-06-25,56,Ecuador,Germany,1X2,home,,0.33467,3.55,3.55,,,0
2026-06-25,56,Ecuador,Germany,1X2,away,,0.32713,1.82,1.82,,,0
2026-06-25,56,Ecuador,Germany,1X2,draw,,0.3382,4.0,4.0,,,0
2026-06-25,57,Japan,Sweden,1X2,home,,0.65954,1.96,1.96,,,0
2026-06-25,57,Japan,Sweden,1X2,away,,0.14241,4.45,4.45,,,0
2026-06-25,57,Japan,Sweden,1X2,draw,,0.19805,3.47,3.47,,,0
2026-06-25,59,Tunisia,Netherlands,1X2,away,,0.79368,1.14,1.14,,,0
2026-06-25,59,Tunisia,Netherlands,1X2,home,,0.059,25.0,25.0,,,0
2026-06-25,59,Tunisia,Netherlands,1X2,draw,,0.14732,9.5,9.5,,,0
2026-06-26,62,Egypt,Iran,1X2,home,,0.31859,2.39,2.39,,,0
2026-06-26,62,Egypt,Iran,1X2,away,,0.34494,3.63,3.63,,,0
2026-06-26,62,Egypt,Iran,1X2,draw,,0.33647,2.74,2.74,,,0
2026-06-26,63,New Zealand,Belgium,1X2,away,,0.6127,1.21,1.21,,,0
2026-06-26,63,New Zealand,Belgium,1X2,home,,0.15974,16.0,16.0,,,0
2026-06-26,63,New Zealand,Belgium,1X2,draw,,0.22757,7.5,7.5,,,0
2026-06-26,61,Cape Verde,Saudi Arabia,1X2,home,,0.33633,2.4,2.4,,,0
2026-06-26,61,Cape Verde,Saudi Arabia,1X2,away,,0.32462,2.9,2.9,,,0
2026-06-26,61,Cape Verde,Saudi Arabia,1X2,draw,,0.33905,3.4,3.4,,,0
2026-06-26,66,Uruguay,Spain,1X2,away,,0.55325,1.47,1.47,,,0
2026-06-26,66,Uruguay,Spain,1X2,home,,0.16433,7.2,7.2,,,0
2026-06-26,66,Uruguay,Spain,1X2,draw,,0.28242,4.2,4.2,,,0
2026-06-26,64,Norway,France,1X2,away,,0.32158,1.69,1.69,,,0
2026-06-26,64,Norway,France,1X2,home,,0.41606,4.7,4.7,,,0
2026-06-26,64,Norway,France,1X2,draw,,0.26236,4.08,4.08,,,0
2026-06-26,65,Senegal,Iraq,1X2,away,,0.14209,14.0,14.0,,,0
2026-06-26,65,Senegal,Iraq,1X2,home,,0.59289,1.25,1.25,,,0
2026-06-26,65,Senegal,Iraq,1X2,draw,,0.26502,6.55,6.55,,,0
2026-06-27,67,Algeria,Austria,1X2,home,,0.3228,3.65,3.65,,,0
2026-06-27,67,Algeria,Austria,1X2,away,,0.37797,2.65,2.65,,,0
2026-06-27,67,Algeria,Austria,1X2,draw,,0.29923,2.3,2.3,,,0
2026-06-27,71,Jordan,Argentina,1X2,away,,0.89568,1.17,1.17,,,0
2026-06-27,71,Jordan,Argentina,1X2,home,,0.01921,15.0,15.0,,,0
2026-06-27,71,Jordan,Argentina,1X2,draw,,0.08511,7.5,7.5,,,0
2026-06-27,68,Colombia,Portugal,1X2,home,,0.49005,3.85,3.85,,,0
2026-06-27,68,Colombia,Portugal,1X2,away,,0.24779,1.88,1.88,,,0
2026-06-27,68,Colombia,Portugal,1X2,draw,,0.26216,3.85,3.85,,,0
2026-06-27,70,DR Congo,Uzbekistan,1X2,home,,0.41321,1.81,1.81,,,0
2026-06-27,70,DR Congo,Uzbekistan,1X2,away,,0.21474,4.2,4.2,,,0
2026-06-27,70,DR Congo,Uzbekistan,1X2,draw,,0.37205,4.28,4.28,,,0
2026-06-27,72,Panama,England,1X2,away,,0.77598,1.15,1.15,,,0
2026-06-27,72,Panama,England,1X2,home,,0.06139,17.0,17.0,,,0
2026-06-27,72,Panama,England,1X2,draw,,0.16262,7.8,7.8,,,0
2026-06-27,72,Panama,England,AH,away,2.5,0.31248,2.34,2.34,,,0
2026-06-27,72,Panama,England,AH,home,2.5,0.68752,1.61,1.61,,,0
2026-06-27,69,Croatia,Ghana,1X2,home,,0.49017,1.7,1.7,,,0
2026-06-27,69,Croatia,Ghana,1X2,away,,0.21053,5.5,5.5,,,0
2026-06-27,69,Croatia,Ghana,1X2,draw,,0.2993,3.5,3.5,,,0
2026-06-27,69,Croatia,Ghana,OU,over,2.0,0.35269,1.69,1.69,,,0
2026-06-27,69,Croatia,Ghana,OU,under,2.0,0.36953,2.25,2.25,,,0
